id,dur,proto,service,state,spkts,dpkts,sbytes,dbytes,rate,sttl,dttl,sload,dload,sloss,dloss,sinpkt,dinpkt,sjit,djit,swin,stcpb,dtcpb,dwin,tcprtt,synack,ackdat,smean,dmean,trans_depth,response_body_len,ct_srv_src,ct_state_ttl,ct_dst_ltm,ct_src_dport_ltm,ct_dst_sport_ltm,ct_dst_src_ltm,is_ftp_login,ct_ftp_cmd,ct_flw_http_mthd,ct_src_ltm,ct_srv_dst,is_sm_ips_ports,attack_cat,label
64221,1.1e-05,udp,dns,INT,2,0,114,0,90909.0902,254,0,41454544.0,0.0,0,0,0.011,0.0,0.0,0.0,0,0,0,0,0.0,0.0,0.0,57,0,0,0,3,2,4,3,3,3,0,0,0,3,3,0,Generic,1
43296,0.679706,tcp,-,FIN,32,12,27760,642,63.262648,254,252,316525.0938,6932.40918,13,3,21.313258,56.154816,1622.664414,68.767531,255,3100951520,544267958,255,0.097908,0.062001,0.035907,868,54,0,0,5,1,2,2,1,5,0,0,0,2,5,0,Normal,0
56535,1e-05,udp,dns,INT,2,0,114,0,100000.0025,254,0,45600000.0,0.0,0,0,0.01,0.0,0.0,0.0,0,0,0,0,0.0,0.0,0.0,57,0,0,0,8,2,3,3,3,3,0,0,0,3,8,0,Generic,1
80760,0.984492,tcp,http,FIN,10,10,838,1242,19.299293,62,252,6135.143555,9084.888672,2,2,109.294333,102.445,7316.474171,153.255844,255,1910808540,2995667848,255,0.144354,0.062486,0.081868,84,124,1,171,3,1,1,1,1,3,0,0,1,1,3,0,Normal,0
80418,1.119727,tcp,-,FIN,10,8,2516,354,15.182272,254,252,16182.51563,2214.825439,2,1,120.346,147.967141,6817.822362,274.935719,255,1873491484,3487967604,255,0.178336,0.083953,0.094383,252,44,0,0,2,1,1,1,1,2,0,0,0,1,2,0,Normal,0
7868,3e-06,unas,-,INT,2,0,200,0,333333.3215,254,0,266666656.0,0.0,0,0,0.003,0.0,0.0,0.0,0,0,0,0,0.0,0.0,0.0,100,0,0,0,7,2,3,3,3,7,0,0,0,12,7,0,Exploits,1
11189,1.534596,ospf,-,INT,18,0,2858,0,11.077834,254,0,14075.36621,0.0,0,0,90.270352,0.0,179.918469,0.0,0,0,0,0,0.0,0.0,0.0,159,0,0,0,1,2,1,1,1,1,0,0,0,1,1,0,DoS,1
31349,0.031661,tcp,-,FIN,122,126,7808,15182,7801.396014,31,29,1956729.125,3805817.75,30,32,0.258843,0.249088,16.213085,14.292314,255,750940863,2901493709,255,0.000658,0.00052,0.000138,64,120,0,0,4,0,3,1,1,1,0,0,0,3,4,0,Normal,0
29342,0.03183,tcp,-,FIN,16,18,1540,1644,1036.757723,31,29,362928.0313,390323.5625,4,4,2.100733,1.845294,162.798936,4.237344,255,1572479056,1577095328,255,0.000581,0.000457,0.000124,96,91,0,0,9,0,9,6,1,7,0,0,0,10,15,0,Normal,0
64467,0.537966,tcp,-,FIN,10,6,868,268,27.882802,254,252,11628.98731,3331.06543,2,1,59.045,106.083398,4965.759432,203.711813,255,2923193637,1183503916,255,0.038502,0.007538,0.030964,87,45,0,0,2,1,1,1,1,1,0,0,0,1,1,0,Exploits,1
80468,0.777168,tcp,-,FIN,10,6,534,268,19.300847,254,252,4951.310547,2305.807861,2,1,86.243889,126.754203,4420.815582,194.163969,255,160148424,1973419499,255,0.219149,0.143394,0.075755,53,45,0,0,2,1,1,1,1,2,0,0,0,1,2,0,Normal,0
77910,0.431667,tcp,-,FIN,10,6,608,268,34.749008,254,252,10155.97656,4151.348145,2,1,47.963,68.729602,2355.440735,93.56257,255,2450820418,4264259351,255,0.148643,0.086836,0.061807,61,45,0,0,9,1,2,2,1,8,0,0,0,2,8,0,Normal,0
6979,9e-06,ipv6-frag,-,INT,2,0,200,0,111111.1072,254,0,88888888.0,0.0,0,0,0.009,0.0,0.0,0.0,0,0,0,0,0.0,0.0,0.0,100,0,0,0,7,2,2,2,2,7,0,0,0,2,7,0,DoS,1
42724,1.37424,tcp,-,FIN,10,8,2516,354,12.370473,254,252,13185.46973,1804.633789,2,1,149.092778,175.317,8941.059946,233.441688,255,2160850363,578888617,255,0.241308,0.147014,0.094294,252,44,0,0,1,1,1,1,1,1,0,0,0,1,1,0,Normal,0
19931,3e-06,udp,dns,INT,2,0,114,0,333333.3215,254,0,152000000.0,0.0,0,0,0.003,0.0,0.0,0.0,0,0,0,0,0.0,0.0,0.0,57,0,0,0,25,2,14,14,14,25,0,0,0,14,25,0,Generic,1
45407,0.750237,tcp,smtp,FIN,28,20,15272,1864,62.646871,62,252,157038.375,18884.69922,11,8,27.786556,39.056316,1564.464027,45.14591,255,2079286198,419824021,255,0.053753,0.007393,0.04636,545,93,0,0,1,1,1,1,1,1,0,0,0,1,1,0,Exploits,1
46414,1.1e-05,udp,-,INT,2,0,168,0,90909.0902,254,0,61090908.0,0.0,0,0,0.011,0.0,0.0,0.0,0,0,0,0,0.0,0.0,0.0,84,0,0,0,1,2,1,1,1,1,0,0,0,1,1,0,Reconnaissance,1
66715,6e-06,udp,-,INT,2,0,104,0,166666.6608,254,0,69333328.0,0.0,0,0,0.006,0.0,0.0,0.0,0,0,0,0,0.0,0.0,0.0,52,0,0,0,4,2,1,1,1,2,0,0,0,2,2,0,Normal,0
60659,1e-05,udp,dns,INT,2,0,114,0,100000.0025,254,0,45600000.0,0.0,0,0,0.01,0.0,0.0,0.0,0,0,0,0,0.0,0.0,0.0,57,0,0,0,14,2,3,3,3,3,0,0,0,3,14,0,Generic,1
56614,0.708906,tcp,http,FIN,60,14,68199,612,102.975572,254,252,756805.5625,6421.161621,27,1,12.015356,52.076691,1292.181837,73.061883,255,993053250,1451774685,255,0.069274,0.024086,0.045188,1137,44,1,0,4,1,2,2,1,2,0,0,1,2,4,0,Fuzzers,1
14719,9e-06,udp,dns,INT,2,0,114,0,111111.1072,254,0,50666664.0,0.0,0,0,0.009,0.0,0.0,0.0,0,0,0,0,0.0,0.0,0.0,57,0,0,0,30,2,18,18,18,30,0,0,0,18,30,0,Generic,1
59504,0.397814,tcp,-,FIN,12,6,3940,268,42.733538,254,252,72636.96094,4504.617676,3,1,35.359091,71.495797,2507.811345,127.295563,255,1468731639,3545124060,255,0.07858,0.040325,0.038255,328,45,0,0,2,1,1,1,1,1,0,0,0,1,1,0,DoS,1
6450,0.384967,tcp,http,FIN,10,6,1222,268,38.964379,254,252,22859.10156,4654.944336,2,1,42.667444,60.132602,2249.064318,94.845602,255,1443599081,268684093,255,0.156044,0.084297,0.071747,122,45,1,0,1,1,1,1,1,2,0,0,1,1,1,0,Exploits,1
60926,0.704506,tcp,-,FIN,10,8,1264,1050,24.130384,254,252,12922.53027,10435.68164,2,2,78.278444,94.32443,3908.241952,154.453797,255,2172285028,2809122173,255,0.188276,0.043542,0.144734,126,131,0,0,7,1,1,1,1,1,0,0,0,5,1,0,Exploits,1
24085,0.019802,tcp,-,FIN,38,40,2438,20194,3888.496038,31,29,959095.0,7954752.0,7,13,0.526568,0.492769,41.382144,41.482656,255,2838616562,689343804,255,0.000719,0.000582,0.000137,64,505,0,0,15,0,1,1,1,1,0,0,0,4,8,0,Normal,0
44967,0.453958,tcp,http,FIN,10,6,928,268,33.042704,254,252,14732.64063,3947.501709,2,1,46.731556,72.910398,2619.391795,107.456367,255,183362009,2170637333,255,0.135761,0.089395,0.046366,93,45,1,0,2,1,1,1,1,1,0,0,1,1,1,0,Exploits,1
5061,0.320614,tcp,http,FIN,12,12,1370,6908,71.737352,62,252,31339.86523,158021.7969,3,4,29.146727,27.691999,1531.278897,1821.417257,255,2679669318,523903603,255,0.0567,0.010288,0.046412,114,576,1,2629,2,1,1,1,1,1,0,0,1,1,1,0,Exploits,1
42549,0.5889,tcp,-,FIN,10,6,534,268,25.471216,254,252,6534.21582,3042.961182,2,1,58.654889,101.757398,2885.645157,141.997531,255,2924367141,718906817,255,0.160829,0.080112,0.080717,53,45,0,0,3,1,2,1,1,3,0,0,0,2,3,0,Normal,0
81543,0.269594,tcp,-,CON,6,2,998,86,25.964968,62,252,24688.97461,1275.992676,2,1,53.9188,0.008,3224.682934,0.0,255,3831267218,1374372172,255,0.223302,0.165024,0.058278,166,43,0,0,5,3,3,3,1,5,0,0,0,3,5,0,Normal,0
11125,0.738765,tcp,http,FIN,10,10,808,1196,25.718598,62,252,7883.427246,11662.70703,2,2,82.085,70.165781,4967.08469,114.208469,255,17734597,1595159457,255,0.116946,0.078757,0.038189,81,120,1,787,9,1,4,4,4,9,0,0,16,4,9,0,Exploits,1
15524,3e-06,udp,dns,INT,2,0,114,0,333333.3215,254,0,152000000.0,0.0,0,0,0.003,0.0,0.0,0.0,0,0,0,0,0.0,0.0,0.0,57,0,0,0,24,2,24,24,24,24,0,0,0,24,24,0,Generic,1
47129,0.778648,tcp,http,FIN,10,8,1896,354,21.832715,254,252,17538.0918,3185.007812,2,1,83.101,95.38143,4571.343588,187.085844,255,2886830898,3930715862,255,0.1956,0.110968,0.084632,190,44,1,0,1,1,2,1,1,2,0,0,1,2,1,0,Exploits,1
1688,5e-06,ipv6-opts,-,INT,2,0,200,0,200000.0051,254,0,160000000.0,0.0,0,0,0.005,0.0,0.0,0.0,0,0,0,0,0.0,0.0,0.0,100,0,0,0,6,2,2,2,2,6,0,0,0,2,6,0,Exploits,1
35748,1.004846,tcp,http,FIN,12,18,1580,10168,28.860144,31,29,11536.09668,76461.46875,3,4,91.317817,59.077944,9529.139046,7674.122788,255,1773917293,3924553203,255,0.00066,0.000514,0.000146,132,565,1,3924,1,0,3,1,1,2,0,0,1,3,2,0,Normal,0
74088,1.1e-05,udp,-,INT,2,0,1742,0,90909.0902,254,0,633454528.0,0.0,0,0,0.011,0.0,0.0,0.0,0,0,0,0,0.0,0.0,0.0,871,0,0,0,15,2,30,8,1,14,0,0,0,9,14,0,Normal,0
64611,0.506733,tcp,-,FIN,10,8,804,1406,33.548239,62,252,11430.08203,19434.29688,2,2,56.289333,60.487855,3148.840556,79.997297,255,1337389696,1284803208,255,0.161731,0.083314,0.078417,80,176,0,0,5,1,1,1,1,1,0,0,0,2,1,0,Exploits,1
65011,0.81929,tcp,-,FIN,40,22,31053,1882,74.454712,62,252,295641.3438,17546.90039,17,8,21.007436,38.401906,1435.455909,45.266777,255,1730202203,1961639576,255,0.049515,0.005126,0.044389,776,86,0,0,2,1,1,1,1,1,0,0,0,1,2,0,Exploits,1
29833,0.814817,tcp,-,FIN,22,14,1470,1728,42.95443,31,29,13784.69043,15758.13965,5,4,38.800808,62.624383,2548.259383,80.898562,255,2978773864,833678464,255,0.000655,0.000533,0.000122,67,123,0,0,9,0,5,1,1,1,0,0,0,1,12,0,Normal,0
30443,0.298844,tcp,-,FIN,16,18,1540,1644,110.425503,31,29,38655.61719,41573.52734,4,4,19.901267,17.548705,1557.702896,37.357449,255,2413354292,2497637826,255,0.000637,0.000506,0.000131,96,91,0,0,13,0,6,5,1,5,0,0,0,12,8,0,Normal,0
70845,2.576899,tcp,-,FIN,14,10,780,646,8.925456,254,252,2250.767334,1806.822876,2,3,198.219303,278.460656,15257.99122,471.959969,255,1536432471,3426149448,255,0.171319,0.070744,0.100575,56,65,0,0,2,1,1,1,1,2,0,0,0,1,2,0,Normal,0
59549,3e-06,udp,dns,INT,2,0,114,0,333333.3215,254,0,152000000.0,0.0,0,0,0.003,0.0,0.0,0.0,0,0,0,0,0.0,0.0,0.0,57,0,0,0,12,2,7,7,4,7,0,0,0,7,12,0,Generic,1
26938,0.01264,tcp,-,FIN,44,46,2766,24004,7041.139062,31,29,1711392.375,14862658.0,7,16,0.286442,0.269822,16.706197,16.002497,255,1012214686,3163995990,255,0.000636,0.000492,0.000144,63,522,0,0,17,0,8,1,1,1,0,0,0,2,9,0,Normal,0
14730,1e-06,udp,dns,INT,2,0,114,0,1000000.003,254,0,456000000.0,0.0,0,0,0.001,0.0,0.0,0.0,0,0,0,0,0.0,0.0,0.0,57,0,0,0,25,2,25,25,25,25,0,0,0,26,25,0,Generic,1
33394,0.004538,udp,-,CON,4,4,568,304,1542.529716,31,29,750991.625,401939.1563,0,0,1.172667,1.029667,1.650623,1.433587,0,0,0,0,0.0,0.0,0.0,142,76,0,0,4,0,6,1,1,4,0,0,0,5,18,0,Normal,0
77825,0.418031,tcp,-,FIN,10,8,738,354,40.66684,254,252,12726.3291,5932.574219,2,1,45.340667,52.354,3155.28365,107.630516,255,576423558,3419995242,255,0.108602,0.051547,0.057055,74,44,0,0,11,1,2,2,1,9,0,0,0,3,9,0,Normal,0
24694,0.133539,tcp,-,FIN,72,74,4238,65118,1085.825065,31,29,250413.7188,3848403.75,7,30,1.876225,1.822452,97.922176,94.406373,255,2416558501,287166339,255,0.000631,0.000496,0.000135,59,880,0,0,6,0,1,1,1,1,0,0,0,3,4,0,Normal,0
80323,0.815378,tcp,http,FIN,10,8,836,1094,20.849225,62,252,7387.984375,9399.321289,2,2,90.580667,103.773141,4779.991936,174.672156,255,2700001451,3242877272,255,0.164392,0.088963,0.075429,84,137,1,140,6,1,2,2,2,6,0,0,4,2,6,0,Normal,0
71840,5e-06,udp,-,INT,2,0,1064,0,200000.0051,254,0,851200000.0,0.0,0,0,0.005,0.0,0.0,0.0,0,0,0,0,0.0,0.0,0.0,532,0,0,0,35,2,13,13,1,35,0,0,0,13,35,0,Normal,0
5099,0.417348,tcp,-,FIN,10,6,840,268,35.941229,254,252,14491.50391,4293.778809,2,1,43.376667,73.191203,2234.751765,106.548375,255,1481867716,7465531,255,0.149815,0.051388,0.098427,84,45,0,0,2,1,1,1,1,1,0,0,0,2,1,0,Shellcode,1
68272,0.50294,tcp,http,FIN,10,8,858,1270,33.801249,62,252,12295.70117,17687.99414,2,2,55.882222,62.40243,2961.011467,99.151156,255,3352821524,816542949,255,0.098383,0.037744,0.060639,86,159,1,214,2,1,1,1,1,2,0,0,1,1,2,0,Normal,0
27337,0.013022,tcp,-,FIN,36,38,2334,16290,5605.897724,31,29,1394563.0,9744740.0,7,12,0.362743,0.334135,22.365802,20.806289,255,1865120004,1865429497,255,0.000813,0.000648,0.000165,65,429,0,0,6,0,3,1,1,1,0,0,0,3,5,0,Normal,0
26763,0.042984,tcp,-,FIN,72,74,4238,63878,3373.348118,31,29,777963.875,11728085.0,7,30,0.600155,0.580753,33.354043,33.26441,255,3300648292,1151388928,255,0.000716,0.000579,0.000137,59,863,0,0,7,0,3,1,1,3,0,0,0,7,8,0,Normal,0
80404,2e-06,tcp,-,REQ,2,0,90,0,500000.0013,254,0,180000000.0,0.0,1,0,0.002,0.0,0.0,0.0,255,0,0,0,0.0,0.0,0.0,45,0,0,0,7,6,4,1,1,7,0,0,0,3,8,0,Normal,0
54714,1.1e-05,udp,dns,INT,2,0,114,0,90909.0902,254,0,41454544.0,0.0,0,0,0.011,0.0,0.0,0.0,0,0,0,0,0.0,0.0,0.0,57,0,0,0,11,2,4,4,2,4,0,0,0,4,11,0,Generic,1
34265,1.009856,tcp,http,FIN,14,18,1684,10168,30.697446,31,29,12389.88574,76082.13281,3,5,77.653538,59.373588,8766.155995,7674.523761,255,2417505205,2422739572,255,0.000633,0.000497,0.000136,120,565,1,3924,3,0,1,1,1,1,0,0,1,1,3,0,Normal,0
25234,0.020938,tcp,-,FIN,16,18,1540,1644,1576.081787,31,29,551724.125,593370.9375,4,4,1.371133,1.204059,86.014168,2.287027,255,1476728097,3631576933,255,0.000594,0.000466,0.000128,96,91,0,0,17,0,14,6,1,6,0,0,0,12,13,0,Normal,0
24061,0.001165,udp,-,CON,2,2,146,178,2575.107245,31,29,501287.5313,611158.8125,0,0,0.008,0.005,0.0,0.0,0,0,0,0,0.0,0.0,0.0,73,89,0,0,14,0,3,1,1,1,0,0,0,1,8,0,Normal,0
36670,1.497017,tcp,http,FIN,14,18,1684,10168,20.707847,31,29,8357.954102,51323.39844,3,5,115.127846,88.013824,9472.140271,8295.248743,255,1575221761,3898638279,255,0.0009,0.000778,0.000122,120,565,1,3924,1,0,5,1,1,1,0,0,1,1,2,0,Normal,0
79219,1.573778,tcp,-,FIN,10,8,528,354,10.802032,254,252,2419.655029,1575.825806,2,1,174.864222,212.291,10233.96766,431.999,255,3921365005,879545926,255,0.174767,0.086445,0.088322,53,44,0,0,5,1,2,1,1,3,0,0,0,1,4,0,Normal,0
77357,0.994461,tcp,-,FIN,16,14,912,728,29.161526,254,252,6878.097656,5438.121582,5,3,66.297399,69.576156,3844.878062,127.028391,255,306175459,3004710198,255,0.119987,0.07123,0.048757,57,52,0,0,7,1,2,1,1,7,0,0,0,2,6,0,Normal,0
6625,8e-06,argus,-,INT,2,0,180,0,125000.0003,254,0,90000000.0,0.0,0,0,0.008,0.0,0.0,0.0,0,0,0,0,0.0,0.0,0.0,90,0,0,0,10,2,10,10,10,10,0,0,0,10,10,0,Exploits,1
49122,3e-06,leaf-1,-,INT,2,0,200,0,333333.3215,254,0,266666656.0,0.0,0,0,0.003,0.0,0.0,0.0,0,0,0,0,0.0,0.0,0.0,100,0,0,0,21,2,4,4,4,4,0,0,0,5,16,0,Analysis,1
44122,59.873299,tcp,-,CON,1074,422,450006,18146,24.969394,254,252,60071.78516,2418.841064,535,0,55.982567,142.402797,2722.815115,147.789625,255,381204486,930012124,255,0.072579,0.028824,0.043755,419,43,0,0,3,4,1,1,1,1,0,0,0,2,1,0,DoS,1
7820,4e-06,unas,-,INT,2,0,200,0,250000.0006,254,0,200000000.0,0.0,0,0,0.004,0.0,0.0,0.0,0,0,0,0,0.0,0.0,0.0,100,0,0,0,9,2,3,3,3,10,0,0,0,9,9,0,DoS,1
34897,0.027485,tcp,http,FIN,8,10,1044,824,618.519193,31,29,266036.0313,215972.3438,2,2,3.861143,2.999222,233.03514,6.091243,255,3687046000,1545013181,255,0.000621,0.000488,0.000133,131,82,1,83,1,0,6,1,1,1,0,0,1,7,4,0,Normal,0
31055,0.001098,udp,dns,CON,2,2,146,178,2732.24049,31,29,531876.125,648451.75,0,0,0.011,0.009,0.0,0.0,0,0,0,0,0.0,0.0,0.0,73,89,0,0,3,0,8,1,1,1,0,0,0,1,2,0,Normal,0
52421,1.1e-05,unas,-,INT,2,0,200,0,90909.0902,254,0,72727272.0,0.0,0,0,0.011,0.0,0.0,0.0,0,0,0,0,0.0,0.0,0.0,100,0,0,0,11,2,4,3,3,4,0,0,0,8,11,0,Exploits,1
70937,0.844731,tcp,-,FIN,10,10,608,646,22.492368,254,252,5189.817871,5511.813965,2,3,93.859,87.805445,5487.257421,138.178641,255,489799546,2498119103,255,0.084246,0.022458,0.061788,61,65,0,0,2,1,1,1,1,2,0,0,0,1,2,0,Normal,0
28942,0.025627,tcp,-,FIN,16,18,1540,1644,1287.704361,31,29,450774.5625,484801.1875,4,4,1.6876,1.480118,98.929873,2.848452,255,3739739513,1598318670,255,0.000587,0.000462,0.000125,96,91,0,0,10,0,8,6,1,7,0,0,0,10,6,0,Normal,0
3196,3e-06,bna,-,INT,2,0,200,0,333333.3215,254,0,266666656.0,0.0,0,0,0.003,0.0,0.0,0.0,0,0,0,0,0.0,0.0,0.0,100,0,0,0,5,2,1,1,1,5,0,0,0,1,5,0,Exploits,1
65769,0.711807,tcp,-,FIN,12,10,1064,842,29.502379,254,252,10969.26563,8519.163086,3,2,64.709729,74.517219,3721.267831,126.811703,255,1174181195,3061015522,255,0.103548,0.040322,0.063226,89,84,0,0,9,1,1,1,1,1,0,0,0,1,6,0,Fuzzers,1
46578,1.291302,tcp,http,CON,34,170,2580,218718,157.205677,62,252,15519.2207,1347056.0,2,79,37.574909,7.602586,1988.81885,916.651344,255,3565459043,1729749572,255,0.051,0.006459,0.044541,76,1287,1,131015,1,3,1,1,1,1,0,0,1,1,1,0,Generic,1
8754,0.640628,tcp,http,FIN,10,14,814,7612,35.902272,62,252,9153.518555,88275.88281,2,4,71.180889,41.236539,4492.862873,3469.934526,255,3288484829,2408584583,255,0.161339,0.084865,0.076474,81,544,1,3244,1,1,1,1,1,1,0,0,1,1,1,0,DoS,1
7952,2.17229,tcp,ftp,FIN,24,22,1264,1634,20.715465,62,252,4463.492188,5745.088867,7,9,94.447393,99.271097,4915.352549,5483.111589,255,587410626,2795091536,255,0.105285,0.038325,0.06696,53,74,0,0,1,1,2,1,1,2,1,1,0,2,1,0,Exploits,1
64918,1.1e-05,udp,-,INT,2,0,168,0,90909.0902,254,0,61090908.0,0.0,0,0,0.011,0.0,0.0,0.0,0,0,0,0,0.0,0.0,0.0,84,0,0,0,2,2,1,1,1,1,0,0,0,1,1,0,Reconnaissance,1
13539,9e-06,udp,dns,INT,2,0,114,0,111111.1072,254,0,50666664.0,0.0,0,0,0.009,0.0,0.0,0.0,0,0,0,0,0.0,0.0,0.0,57,0,0,0,8,2,8,8,8,8,0,0,0,8,8,0,Generic,1
1249,0.942261,tcp,-,FIN,12,8,1010,754,20.164265,254,252,7861.940918,5603.542969,3,2,80.086362,123.391289,3923.64771,159.505047,255,1205344423,2947932460,255,0.161394,0.078501,0.082893,84,94,0,0,5,1,1,1,1,5,0,0,0,1,5,0,Fuzzers,1
25331,1.006916,tcp,http,FIN,14,18,1684,10168,30.787075,31,29,12426.06055,76304.27344,3,5,77.428998,59.198765,8765.811198,7676.072366,255,2306880600,2307886530,255,0.000668,0.000534,0.000134,120,565,1,3924,5,0,2,2,2,2,0,0,4,6,3,0,Normal,0
6120,0.231786,tcp,http,FIN,10,10,832,5336,81.972165,62,252,25851.43164,165773.6094,2,3,25.754,24.337778,1376.339946,2096.063514,255,2150004397,3349401917,255,0.053885,0.007358,0.046527,83,534,1,2224,1,1,1,1,1,1,0,0,1,1,1,0,Exploits,1
21612,8e-06,udp,dns,INT,2,0,114,0,125000.0003,254,0,57000000.0,0.0,0,0,0.008,0.0,0.0,0.0,0,0,0,0,0.0,0.0,0.0,57,0,0,0,58,2,43,43,18,58,0,0,0,43,58,0,Generic,1
25426,0.055429,tcp,smtp,FIN,52,42,37196,3380,1677.822066,31,29,5265258.0,476284.9688,18,8,1.08,1.338366,78.062608,3.151647,255,992179136,3138620016,255,0.000728,0.000551,0.000177,715,80,0,0,1,0,2,1,1,1,0,0,0,2,1,0,Normal,0
38237,0.205113,tcp,-,FIN,78,80,4550,71834,765.431761,31,29,175200.9844,2766748.25,7,33,2.659922,2.622128,196.674258,195.225297,255,1178062423,1178375070,255,0.0007,0.000577,0.000123,58,898,0,0,10,0,4,1,1,2,0,0,0,3,5,0,Normal,0
5932,8e-06,unas,-,INT,2,0,200,0,125000.0003,254,0,100000000.0,0.0,0,0,0.008,0.0,0.0,0.0,0,0,0,0,0.0,0.0,0.0,100,0,0,0,3,2,2,2,2,3,0,0,0,11,3,0,Exploits,1
37303,0.027571,tcp,ftp,FIN,52,54,2934,3740,3808.349331,31,29,835080.3125,1065177.125,11,15,0.534529,0.509736,41.168306,1.043736,255,1900254992,4050871566,255,0.000686,0.000551,0.000135,56,69,0,0,1,0,6,1,1,4,1,1,0,9,1,0,Normal,0
9981,0.988577,tcp,-,FIN,10,8,564,354,17.196435,254,252,4110.959473,2508.65625,2,1,105.492222,152.463,7821.088206,174.076797,255,3543334877,2319792524,255,0.111398,0.073794,0.037604,56,44,0,0,2,1,1,1,1,1,0,0,0,1,1,0,Reconnaissance,1
75123,0.362412,tcp,-,FIN,10,6,2516,268,41.389357,254,252,49998.34375,4944.648438,2,1,40.167444,57.095602,1971.418132,76.546711,255,1613181501,4286334591,255,0.111632,0.076926,0.034706,252,45,0,0,14,1,1,1,1,3,0,0,0,28,3,0,Normal,0
43354,0.647605,tcp,-,FIN,10,6,1612,268,23.162267,254,252,17924.50586,2767.118896,2,1,66.010444,99.748,3626.702076,156.827219,255,1073080620,2849973589,255,0.273281,0.148857,0.124424,161,45,0,0,7,1,2,1,1,6,0,0,0,2,7,0,Normal,0
808,3e-06,udp,-,INT,2,0,168,0,333333.3215,254,0,224000000.0,0.0,0,0,0.003,0.0,0.0,0.0,0,0,0,0,0.0,0.0,0.0,84,0,0,0,2,2,1,1,1,1,0,0,0,1,1,0,Reconnaissance,1
20961,9e-06,udp,dns,INT,2,0,114,0,111111.1072,254,0,50666664.0,0.0,0,0,0.009,0.0,0.0,0.0,0,0,0,0,0.0,0.0,0.0,57,0,0,0,38,2,15,15,15,38,0,0,0,16,38,0,Generic,1
6264,3e-06,ipcv,-,INT,2,0,200,0,333333.3215,254,0,266666656.0,0.0,0,0,0.003,0.0,0.0,0.0,0,0,0,0,0.0,0.0,0.0,100,0,0,0,6,2,2,2,2,7,0,0,0,10,6,0,DoS,1
46622,0.224732,tcp,http,FIN,10,8,820,1136,75.645659,62,252,26271.29297,35384.37109,2,2,24.970222,30.015143,1348.566733,53.789023,255,4255173316,3948857937,255,0.057024,0.009457,0.047567,82,142,1,169,1,1,1,1,1,1,0,0,1,1,1,0,Exploits,1
3754,0.430334,tcp,-,FIN,10,6,1090,268,34.856646,254,252,18236.99805,4164.20752,2,1,41.510889,77.433203,1999.49828,96.266,255,2471229350,1772833475,255,0.114252,0.043164,0.071088,109,45,0,0,2,1,1,1,1,1,0,0,0,2,1,0,Exploits,1
52388,1.1e-05,a/n,-,INT,2,0,200,0,250000.0006,254,0,200000000.0,0.0,0,0,0.004,0.0,0.0,0.0,0,0,0,0,0.0,0.0,0.0,100,0,0,0,9,2,7,6,6,6,0,0,0,13,9,0,Exploits,1
19246,8e-06,udp,dns,INT,2,0,114,0,125000.0003,254,0,57000000.0,0.0,0,0,0.008,0.0,0.0,0.0,0,0,0,0,0.0,0.0,0.0,57,0,0,0,35,2,19,19,19,35,0,0,0,19,35,0,Generic,1
65391,1.1e-05,udp,dns,INT,2,0,114,0,90909.0902,254,0,41454544.0,0.0,0,0,0.011,0.0,0.0,0.0,0,0,0,0,0.0,0.0,0.0,57,0,0,0,7,2,4,3,3,4,0,0,0,4,7,0,Generic,1
55403,59.722061,udp,dns,INT,108,0,10908,0,1.791633,254,0,1447.639282,0.0,0,0,558.15,0.0,773.540313,0.0,0,0,0,0,0.0,0.0,0.0,101,0,0,0,1,2,1,1,1,1,0,0,0,1,1,0,Fuzzers,1
41962,1.294713,tcp,-,FIN,10,8,2516,354,13.130323,254,252,13995.37988,1915.482422,2,1,138.245333,161.629281,8199.124833,220.409328,255,316644120,1805180067,255,0.252262,0.163305,0.088957,252,44,0,0,2,1,1,1,1,2,0,0,0,2,2,0,Normal,0
37598,0.000985,udp,dns,CON,2,2,146,178,3045.685126,31,29,592893.375,722842.625,0,0,0.004,0.008,0.0,0.0,0,0,0,0,0.0,0.0,0.0,73,89,0,0,3,0,1,2,1,1,0,0,0,2,3,0,Normal,0
11827,0.199876,tcp,http,FIN,10,14,788,10954,115.071347,62,252,28417.61914,407132.4375,2,5,22.208444,14.445922,1159.603634,1465.098771,255,110978001,2973978931,255,0.052934,0.006995,0.045939,79,782,1,4958,1,1,1,1,1,1,0,0,1,1,1,0,DoS,1
71417,0.0,arp,-,INT,1,0,46,0,0.0,0,0,0.0,0.0,0,0,60000.78,0.0,0.0,0.0,0,0,0,0,0.0,0.0,0.0,46,0,0,0,1,2,1,1,1,1,0,0,0,1,1,1,Normal,0
29542,0.010512,tcp,-,FIN,36,38,2334,16290,6944.444478,31,29,1727549.5,12071537.0,7,12,0.2828,0.267432,17.615354,16.476645,255,1720871763,3870779242,255,0.000741,0.000607,0.000134,65,429,0,0,2,0,2,1,1,1,0,0,0,2,4,0,Normal,0
53456,15.499623,tcp,http,FIN,224,1386,10058,1927203,103.808975,62,252,5168.641602,993992.1875,2,691,69.504225,11.150227,5081.220969,2130.137376,255,2489876777,3897565226,255,0.117555,0.056554,0.061001,45,1390,0,0,2,1,6,3,1,6,0,0,0,6,3,0,Generic,1
35257,1.744932,tcp,-,FIN,122,126,7816,16782,141.55279,31,29,35540.64063,76330.76563,30,32,14.418289,13.955472,865.119021,854.145217,255,1784632788,3966343142,255,0.000627,0.000492,0.000135,64,133,0,0,6,0,1,1,1,1,0,0,0,1,6,0,Normal,0
13657,9e-06,udp,dns,INT,2,0,114,0,111111.1072,254,0,50666664.0,0.0,0,0,0.009,0.0,0.0,0.0,0,0,0,0,0.0,0.0,0.0,57,0,0,0,19,2,18,18,18,19,0,0,0,18,19,0,Generic,1
57936,4e-06,udp,dns,INT,2,0,114,0,250000.0006,254,0,114000000.0,0.0,0,0,0.004,0.0,0.0,0.0,0,0,0,0,0.0,0.0,0.0,57,0,0,0,17,2,7,7,4,7,0,0,0,7,17,0,Generic,1
76070,0.105381,tcp,-,CON,6,2,978,86,66.425638,62,252,61870.73828,3264.345703,2,1,21.0762,0.005,1232.414256,0.0,255,1130639195,724018953,255,0.08466,0.05904,0.02562,163,43,0,0,6,3,4,4,1,6,0,0,0,4,6,0,Normal,0
47803,1e-05,udp,dns,INT,2,0,114,0,100000.0025,254,0,45600000.0,0.0,0,0,0.01,0.0,0.0,0.0,0,0,0,0,0.0,0.0,0.0,57,0,0,0,17,2,7,7,4,7,0,0,0,7,17,0,Generic,1
28898,0.019319,tcp,-,FIN,16,18,1540,1644,1708.162973,31,29,597960.5625,643097.5,4,4,1.266333,1.107588,78.215088,2.106573,255,1530160279,1536659282,255,0.000616,0.000487,0.000129,96,91,0,0,19,0,8,6,1,6,0,0,0,8,10,0,Normal,0
21466,8e-06,udp,dns,INT,2,0,114,0,125000.0003,254,0,57000000.0,0.0,0,0,0.008,0.0,0.0,0.0,0,0,0,0,0.0,0.0,0.0,57,0,0,0,27,2,18,18,18,27,0,0,0,19,27,0,Generic,1
67547,1.010382,tcp,-,FIN,12,10,1106,810,20.784217,254,252,8028.645996,5772.074219,3,2,91.852908,98.106,5732.267004,151.857875,255,3683206398,1230571196,255,0.137367,0.064993,0.072374,92,81,0,0,6,1,1,1,1,4,0,0,0,3,8,0,Normal,0
41647,0.476416,tcp,-,FIN,10,6,534,268,31.485089,254,252,8076.975098,3761.418701,2,1,50.094556,86.366203,2676.114866,145.659609,255,2242727169,1285871359,255,0.107088,0.044582,0.062506,53,45,0,0,2,1,2,1,1,2,0,0,0,2,2,0,Normal,0
8281,5e-06,unas,-,INT,2,0,200,0,200000.0051,254,0,160000000.0,0.0,0,0,0.005,0.0,0.0,0.0,0,0,0,0,0.0,0.0,0.0,100,0,0,0,6,2,2,2,2,6,0,0,0,2,6,0,DoS,1
10835,1.341609,tcp,http,FIN,10,8,862,2554,12.671352,62,252,4627.279785,13327.28125,2,2,148.972667,173.723281,8222.764008,276.879563,255,3528364751,1942595218,255,0.254223,0.125544,0.128679,86,319,1,860,3,1,1,2,1,1,0,0,1,2,1,0,Exploits,1
24582,7.010591,tcp,-,FIN,660,1278,36762,1641360,276.296248,31,29,41887.48047,1871540.875,55,583,10.637719,5.489468,4791.984052,3442.528357,255,3747337770,1605424642,255,0.000685,0.000536,0.000149,56,1284,0,0,13,0,1,1,1,1,0,0,0,4,19,0,Normal,0
17364,4e-06,udp,dns,INT,2,0,114,0,250000.0006,254,0,114000000.0,0.0,0,0,0.004,0.0,0.0,0.0,0,0,0,0,0.0,0.0,0.0,57,0,0,0,30,2,9,9,9,30,0,0,0,10,30,0,Generic,1
57797,1.1e-05,udp,dns,INT,2,0,114,0,90909.0902,254,0,41454544.0,0.0,0,0,0.011,0.0,0.0,0.0,0,0,0,0,0.0,0.0,0.0,57,0,0,0,10,2,7,7,4,7,0,0,0,7,10,0,Generic,1
80070,4e-06,udp,-,INT,2,0,1064,0,250000.0006,254,0,1064000000.0,0.0,0,0,0.004,0.0,0.0,0.0,0,0,0,0,0.0,0.0,0.0,532,0,0,0,4,2,1,1,1,4,0,0,0,21,4,0,Normal,0
76783,9e-06,udp,-,INT,2,0,2804,0,111111.1072,254,0,1246222208.0,0.0,0,0,0.009,0.0,0.0,0.0,0,0,0,0,0.0,0.0,0.0,1402,0,0,0,6,2,2,2,1,6,0,0,0,3,6,0,Normal,0
79468,0.618534,tcp,-,FIN,12,6,3678,268,27.484341,254,252,43612.79688,2897.172852,3,1,51.512728,107.756203,3022.047966,156.783828,255,1586762312,2360199560,255,0.191363,0.079745,0.111618,307,45,0,0,4,1,1,1,1,2,0,0,0,2,2,0,Normal,0
69072,1.386054,tcp,-,FIN,10,6,2516,268,10.822089,254,252,13073.08301,1292.878906,2,1,149.776111,255.515406,9308.561085,451.339313,255,284704645,1228837408,255,0.175255,0.108468,0.066787,252,45,0,0,2,1,2,1,1,3,0,0,0,19,2,0,Normal,0
31635,0.054976,tcp,-,FIN,48,50,2958,32368,1764.406242,31,29,421565.75,4615978.0,7,18,1.162957,1.110694,75.303726,73.725627,255,1311199476,3456881314,255,0.000677,0.000542,0.000135,62,647,0,0,8,0,2,1,1,1,0,0,0,2,3,0,Normal,0
66694,1e-05,udp,-,INT,2,0,104,0,100000.0025,254,0,41600000.0,0.0,0,0,0.01,0.0,0.0,0.0,0,0,0,0,0.0,0.0,0.0,52,0,0,0,3,2,1,1,1,2,0,0,0,1,2,0,Normal,0
56425,1.858315,tcp,-,FIN,14,12,868,594,13.453048,254,252,3469.810059,2346.211426,4,3,142.947313,160.978266,8262.777873,286.648281,255,3145200731,4204961705,255,0.138541,0.064554,0.073987,62,50,0,0,11,1,5,1,1,5,0,0,0,5,11,0,Fuzzers,1
77386,0.791026,tcp,-,FIN,14,12,782,678,31.604524,254,252,7352.476562,6290.564453,4,4,60.848154,61.69991,2974.116256,83.438898,255,4057898145,4204150251,255,0.204485,0.111574,0.092911,56,57,0,0,5,1,2,2,2,5,0,0,0,3,5,0,Normal,0
39207,0.001823,udp,-,CON,4,4,528,304,3839.824407,31,29,1737794.875,1000548.5,0,0,0.469667,0.231667,0.657845,0.319854,0,0,0,0,0.0,0.0,0.0,132,76,0,0,5,0,2,1,1,2,0,0,0,3,6,0,Normal,0
74356,0.612372,tcp,-,FIN,10,6,534,268,24.494916,254,252,6283.762207,2926.325928,2,1,66.037111,113.661602,3610.721305,188.412891,255,3491882260,2567134945,255,0.111989,0.044056,0.067933,53,45,0,0,3,1,1,1,1,3,0,0,0,1,3,0,Normal,0
44496,0.637989,tcp,-,FIN,10,6,558,268,23.511378,254,252,6307.318848,2808.825928,2,1,67.753111,107.599797,3472.176015,176.410141,255,1844946262,2080905999,255,0.190978,0.099982,0.090996,56,45,0,0,7,1,2,2,1,2,0,0,0,2,8,0,Fuzzers,1
27355,0.004233,tcp,http,FIN,8,10,1040,824,4016.064382,31,29,1719820.5,1402315.125,2,2,0.554857,0.408667,35.124607,0.760438,255,732874360,2879380695,255,0.000705,0.000548,0.000157,130,82,1,83,2,0,2,1,1,1,0,0,1,11,3,0,Normal,0
31050,2.142142,tcp,http,FIN,354,746,18890,1087890,513.037871,31,29,70348.27344,4057366.75,2,370,6.067295,2.874681,478.573511,316.038527,255,1447704749,1448729449,255,0.000635,0.0005,0.000135,53,1458,1,524288,1,0,2,1,1,1,0,0,1,2,3,0,Normal,0
45371,4e-06,udp,-,INT,2,0,576,0,250000.0006,254,0,576000000.0,0.0,0,0,0.004,0.0,0.0,0.0,0,0,0,0,0.0,0.0,0.0,288,0,0,0,15,2,4,4,1,4,0,0,0,4,15,0,Fuzzers,1
26733,0.652272,tcp,-,FIN,16,18,1540,1644,50.592392,31,29,17710.4043,19047.26953,4,4,43.460868,38.33859,2533.797647,75.749648,255,2920969498,2945865917,255,0.000637,0.000505,0.000132,96,91,0,0,14,0,9,5,1,7,0,0,0,13,6,0,Normal,0
67969,0.852141,tcp,-,FIN,10,8,622,354,19.94975,254,252,5257.345703,2910.316406,2,1,89.088889,110.213,5550.3225,161.161234,255,3709435423,2628813073,255,0.132601,0.080649,0.051952,62,44,0,0,2,1,1,1,1,2,0,0,0,1,2,0,Normal,0
18247,5e-06,udp,dns,INT,2,0,114,0,200000.0051,254,0,91200000.0,0.0,0,0,0.005,0.0,0.0,0.0,0,0,0,0,0.0,0.0,0.0,57,0,0,0,36,2,25,25,25,36,0,0,0,25,36,0,Generic,1
11677,0.1816,tcp,http,FIN,10,6,744,268,82.599117,254,252,29515.41797,9867.84082,2,1,18.391778,33.233398,1124.1663,53.522113,255,2273773899,3823538856,255,0.028084,0.015425,0.012659,74,45,1,0,2,1,1,1,1,1,0,0,1,1,1,0,DoS,1
23726,1.005704,tcp,-,FIN,12,18,1580,10168,28.835521,31,29,11526.25391,76396.23438,3,5,91.388452,59.125057,9530.042353,7673.971984,255,3970482811,1821973632,255,0.000738,0.000573,0.000165,132,565,0,0,13,0,1,1,1,1,0,0,0,5,14,0,Normal,0
74646,0.558845,tcp,-,FIN,10,6,2516,268,26.841075,254,252,32424.01758,3206.61377,2,1,61.993333,95.426,3011.584911,131.470641,255,4175687730,3809245517,255,0.160385,0.081706,0.078679,252,45,0,0,4,1,1,1,1,3,0,0,0,1,3,0,Normal,0
33728,0.000925,udp,dns,CON,2,2,130,162,3243.243242,31,29,562162.1875,700540.5625,0,0,0.002,0.004,0.0,0.0,0,0,0,0,0.0,0.0,0.0,65,81,0,0,1,0,1,1,1,1,0,0,0,2,4,0,Normal,0
31808,0.00113,udp,dns,CON,2,2,130,162,2654.867281,31,29,460177.0,573451.3125,0,0,0.011,0.008,0.0,0.0,0,0,0,0,0.0,0.0,0.0,65,81,0,0,3,0,7,1,1,3,0,0,0,3,2,0,Normal,0
29287,0.004131,tcp,http,FIN,8,10,1040,824,4115.226314,31,29,1762285.125,1436940.25,2,2,0.540143,0.400778,34.636825,0.741133,255,3448063215,3449120449,255,0.000656,0.00052,0.000136,130,82,1,83,2,0,2,1,1,2,0,0,1,3,2,0,Normal,0
50820,1.1e-05,udp,-,INT,2,0,78,0,90909.0902,254,0,28363636.0,0.0,0,0,0.011,0.0,0.0,0.0,0,0,0,0,0.0,0.0,0.0,39,0,0,0,9,2,3,2,1,3,0,0,0,4,8,0,Fuzzers,1
70982,0.385488,tcp,-,FIN,10,6,638,268,38.911717,254,252,11932.92676,4648.65332,2,1,40.914222,59.806801,2344.329108,92.915586,255,714428729,1222714754,255,0.11783,0.086445,0.031385,64,45,0,0,5,1,3,3,2,5,0,0,0,19,5,0,Normal,0
39990,0.036517,tcp,smtp,FIN,52,42,37232,3380,2546.758926,31,29,7999780.5,722950.9375,18,8,0.708922,0.878439,41.153584,1.909747,255,2963887901,2964777734,255,0.000632,0.000493,0.000139,716,80,0,0,1,0,2,1,1,1,0,0,0,8,1,0,Normal,0
19484,9e-06,udp,dns,INT,2,0,114,0,111111.1072,254,0,50666664.0,0.0,0,0,0.009,0.0,0.0,0.0,0,0,0,0,0.0,0.0,0.0,57,0,0,0,43,2,43,43,25,43,0,0,0,44,43,0,Generic,1
75751,0.509366,tcp,-,CON,6,2,978,86,13.742575,62,252,12800.22656,675.349365,2,1,101.8732,0.004,5551.771594,0.0,255,3548346841,3183238182,255,0.365232,0.264997,0.100235,163,43,0,0,5,3,1,1,1,4,0,0,0,2,4,0,Normal,0
47880,0.481279,tcp,ftp-data,FIN,8,10,364,3754,35.322548,62,252,5302.537598,56167.00781,1,3,68.754145,48.016444,4669.090297,3974.129278,255,2394995067,4103048224,255,0.090098,0.045423,0.044675,46,375,0,0,1,1,2,1,1,2,0,0,0,2,1,0,Exploits,1
46935,1.1e-05,unas,-,INT,2,0,200,0,90909.0902,254,0,72727272.0,0.0,0,0,0.011,0.0,0.0,0.0,0,0,0,0,0.0,0.0,0.0,100,0,0,0,7,2,5,4,4,5,0,0,0,8,7,0,Exploits,1
32026,0.222394,tcp,ftp-data,FIN,14,6,8928,320,85.433958,31,29,298245.4375,9604.575195,4,1,17.10723,44.134,1575.692551,66.548984,255,1830944690,2145343602,255,0.001734,0.001578,0.000156,638,53,0,0,3,0,11,1,1,2,0,0,0,5,3,0,Normal,0
66216,1.903895,tcp,http,FIN,10,10,804,1256,9.979542,62,252,3042.18457,4752.362793,2,2,211.403444,194.392219,12071.90866,333.0575,255,1773368538,2228922187,255,0.241663,0.154356,0.087307,80,126,1,183,1,1,2,1,1,2,0,0,1,2,1,0,Normal,0
59484,1.1e-05,udp,dns,INT,2,0,114,0,90909.0902,254,0,41454544.0,0.0,0,0,0.011,0.0,0.0,0.0,0,0,0,0,0.0,0.0,0.0,57,0,0,0,10,2,3,3,3,3,0,0,0,4,10,0,Generic,1
44100,0.356263,tcp,-,FIN,10,6,754,268,42.103725,254,252,15247.16211,5029.991699,2,1,37.381778,61.616199,1909.603113,95.334898,255,992363518,1345056378,255,0.105735,0.048175,0.05756,75,45,0,0,8,1,3,3,1,3,0,0,0,4,7,0,Fuzzers,1
81819,0.553563,tcp,-,CON,6,2,998,86,12.645354,62,252,12023.92481,621.428833,2,1,110.7126,0.001,6342.834639,0.0,255,3687552727,2472235580,255,0.431713,0.173402,0.258311,166,43,0,0,1,3,2,1,1,1,0,0,0,2,1,0,Normal,0
28807,0.001154,udp,dns,CON,2,2,146,178,2599.653253,31,29,506065.8438,616984.375,0,0,0.01,0.002,0.0,0.0,0,0,0,0,0.0,0.0,0.0,73,89,0,0,1,0,4,1,1,1,0,0,0,2,6,0,Normal,0
73585,2.603007,tcp,ftp,FIN,18,12,928,682,11.140961,254,252,2695.344238,1923.928711,4,4,149.715882,228.582266,8918.027609,299.812344,255,2881505009,157539077,255,0.177049,0.088594,0.088455,52,57,0,0,1,1,1,1,1,1,0,0,0,1,1,0,Normal,0
42769,0.506544,tcp,http,FIN,10,8,828,1194,33.560757,62,252,11781.79981,16503.99609,2,2,56.282667,61.620285,2777.541032,94.943266,255,2451476542,2042401122,255,0.113345,0.074516,0.038829,83,149,1,195,4,1,1,1,1,4,0,0,1,4,4,0,Normal,0
20585,8e-06,udp,dns,INT,2,0,114,0,125000.0003,254,0,57000000.0,0.0,0,0,0.008,0.0,0.0,0.0,0,0,0,0,0.0,0.0,0.0,57,0,0,0,44,2,33,33,14,44,0,0,0,33,44,0,Generic,1
51787,1e-05,udp,dns,INT,2,0,114,0,100000.0025,254,0,45600000.0,0.0,0,0,0.01,0.0,0.0,0.0,0,0,0,0,0.0,0.0,0.0,57,0,0,0,3,2,3,3,3,3,0,0,0,3,3,0,Generic,1
67176,1.465845,tcp,ftp,FIN,12,12,2618,682,15.690609,254,252,13098.24707,3416.459473,3,4,133.258642,125.890547,6867.896581,162.598141,255,1077009472,1558509307,255,0.176546,0.08038,0.096166,218,57,0,0,2,1,1,1,1,2,0,0,0,3,2,0,Normal,0
77637,0.807745,tcp,-,FIN,30,14,26896,764,53.234624,254,252,257507.0156,7031.922363,12,4,27.853276,55.193539,2042.311956,82.00582,255,620991016,2865380793,255,0.12478,0.069932,0.054848,897,55,0,0,6,1,1,1,1,4,0,0,0,1,4,0,Normal,0
45184,0.898335,tcp,-,FIN,10,8,858,354,18.923899,254,252,6883.846191,2760.662842,2,1,90.040222,114.831859,4963.867463,212.351141,255,1124919355,3281265734,255,0.155463,0.094502,0.060961,86,44,0,0,6,1,4,3,3,3,0,0,0,3,6,0,Fuzzers,1
37092,0.001803,udp,-,CON,4,4,520,304,3882.418209,31,29,1730449.25,1011647.25,0,0,0.456333,0.233333,0.637574,0.322217,0,0,0,0,0.0,0.0,0.0,130,76,0,0,11,0,3,1,1,3,0,0,0,7,6,0,Normal,0
40172,0.010042,tcp,-,FIN,34,36,2230,13288,6871.14146,31,29,1724756.125,10291974.0,7,11,0.294576,0.273343,20.144996,19.89375,255,1510057692,3659847218,255,0.000607,0.000474,0.000133,66,369,0,0,11,0,7,1,1,1,0,0,0,5,9,0,Normal,0
1714,0.662481,tcp,-,FIN,10,8,564,354,25.661113,254,252,6134.515625,3743.503418,2,1,73.609,90.465141,5563.499145,142.579797,255,3596334607,4007490854,255,0.072083,0.017662,0.054421,56,44,0,0,2,1,1,1,1,2,0,0,0,1,1,0,Reconnaissance,1
3187,8e-06,isis,-,INT,2,0,200,0,125000.0003,254,0,100000000.0,0.0,0,0,0.008,0.0,0.0,0.0,0,0,0,0,0.0,0.0,0.0,100,0,0,0,4,2,2,2,2,4,0,0,0,11,4,0,DoS,1
68754,0.43815,tcp,-,FIN,10,6,2516,268,34.234852,254,252,41355.70313,4089.923584,2,1,46.097556,70.434797,2383.077646,96.788008,255,984046170,1227129241,255,0.149934,0.08597,0.063964,252,45,0,0,2,1,1,1,1,2,0,0,0,17,2,0,Normal,0
62489,1.1e-05,udp,dns,INT,2,0,114,0,90909.0902,254,0,41454544.0,0.0,0,0,0.011,0.0,0.0,0.0,0,0,0,0,0.0,0.0,0.0,57,0,0,0,14,2,7,7,3,7,0,0,0,7,14,0,Generic,1
16414,8e-06,udp,dns,INT,2,0,114,0,125000.0003,254,0,57000000.0,0.0,0,0,0.008,0.0,0.0,0.0,0,0,0,0,0.0,0.0,0.0,57,0,0,0,37,2,22,22,22,37,0,0,0,22,37,0,Generic,1
32046,0.001049,udp,dns,CON,2,2,146,178,2859.866662,31,29,556720.6875,678741.6875,0,0,0.01,0.008,0.0,0.0,0,0,0,0,0.0,0.0,0.0,73,89,0,0,1,0,2,1,1,1,0,0,0,1,2,0,Normal,0
23381,0.016134,tcp,-,FIN,40,42,2542,21006,5020.453871,31,29,1229205.5,10167845.0,7,14,0.404026,0.376585,31.224762,29.252943,255,1480374769,3630312792,255,0.000847,0.000684,0.000163,64,500,0,0,4,0,2,1,1,2,0,0,0,3,7,0,Normal,0
58308,7e-06,udp,dns,INT,2,0,114,0,142857.1409,254,0,65142856.0,0.0,0,0,0.007,0.0,0.0,0.0,0,0,0,0,0.0,0.0,0.0,57,0,0,0,13,2,8,7,4,7,0,0,0,7,13,0,Generic,1
81609,0.183258,tcp,-,CON,6,2,998,86,38.197515,62,252,36320.37891,1877.13501,2,1,36.6516,0.007,1924.182709,0.0,255,3193762363,3431955089,255,0.12102,0.077047,0.043973,166,43,0,0,5,3,2,2,1,5,0,0,0,2,5,0,Normal,0
72154,0.492698,tcp,-,FIN,10,8,1780,354,34.503894,254,252,26011.87695,5033.509277,2,1,54.744222,61.671285,3465.141806,105.695672,255,105023059,1466744240,255,0.111999,0.059957,0.052042,178,44,0,0,9,1,2,2,1,9,0,0,0,2,9,0,Normal,0
40407,0.0,arp,-,INT,1,0,46,0,0.0,0,0,0.0,0.0,0,0,60000.696,0.0,0.0,0.0,0,0,0,0,0.0,0.0,0.0,46,0,0,0,1,2,1,1,1,1,0,0,0,1,2,1,Normal,0
7372,8e-06,unas,-,INT,2,0,200,0,125000.0003,254,0,100000000.0,0.0,0,0,0.008,0.0,0.0,0.0,0,0,0,0,0.0,0.0,0.0,100,0,0,0,9,2,4,3,3,10,0,0,0,4,9,0,Exploits,1
37225,1.06236,tcp,-,FIN,122,126,7814,14840,232.501213,31,29,58360.62891,110870.1328,30,32,8.776819,8.49444,588.591085,578.518471,255,2518419864,2523633725,255,0.000705,0.00055,0.000155,64,118,0,0,4,0,1,1,1,1,0,0,0,1,3,0,Normal,0
28864,0.004807,udp,-,CON,4,4,568,304,1456.20968,31,29,708966.0625,379446.625,0,0,1.256667,1.084667,1.766591,1.521929,0,0,0,0,0.0,0.0,0.0,142,76,0,0,10,0,3,1,1,2,0,0,0,3,12,0,Normal,0
33230,0.001108,udp,dns,CON,2,2,132,164,2707.581093,31,29,476534.2813,592057.75,0,0,0.011,0.008,0.0,0.0,0,0,0,0,0.0,0.0,0.0,66,82,0,0,2,0,3,1,1,1,0,0,0,11,3,0,Normal,0
52104,3e-06,ifmp,-,INT,2,0,200,0,333333.3215,254,0,266666656.0,0.0,0,0,0.003,0.0,0.0,0.0,0,0,0,0,0.0,0.0,0.0,100,0,0,0,14,2,6,6,6,6,0,0,0,8,14,0,Fuzzers,1
32792,0.020042,tcp,-,FIN,16,18,1540,1644,1646.542233,31,29,576389.5625,619898.1875,4,4,1.315467,1.152235,81.017885,2.265601,255,1291338686,1296425468,255,0.000573,0.00045,0.000123,96,91,0,0,8,0,8,6,1,6,0,0,0,8,12,0,Normal,0
66182,5.685085,tcp,-,REQ,10,0,450,0,1.58309,254,0,569.912354,0.0,9,0,631.676125,0.0,1113.373625,0.0,255,0,0,0,0.0,0.0,0.0,45,0,0,0,12,6,8,2,2,11,0,0,0,8,11,0,Normal,0
56094,3e-06,udp,dns,INT,2,0,114,0,333333.3215,254,0,152000000.0,0.0,0,0,0.003,0.0,0.0,0.0,0,0,0,0,0.0,0.0,0.0,57,0,0,0,7,2,3,3,3,3,0,0,0,3,7,0,Generic,1
65184,1.097405,tcp,-,FIN,28,82,1468,88448,99.32523,62,252,10322.53418,636920.75,6,39,40.644629,13.445296,2091.696667,1207.421904,255,2715344232,3955832738,255,0.05152,0.007615,0.043905,52,1079,0,0,3,1,1,1,1,1,0,0,0,1,1,0,DoS,1
77211,0.934689,tcp,-,FIN,14,12,2024,678,26.746865,254,252,16090.91406,5323.695801,4,4,71.899156,80.055633,4035.885112,108.707125,255,3794046731,3603417618,255,0.101508,0.053276,0.048232,145,57,0,0,7,1,1,1,1,6,0,0,0,2,7,0,Normal,0
2120,2.360196,tcp,ftp,FIN,14,12,948,682,10.59234,254,252,2986.192627,2121.857666,4,4,175.591851,205.937,10583.09265,284.098375,255,107872913,3451025810,255,0.233013,0.094888,0.138125,68,57,0,0,1,1,1,1,1,1,0,0,0,1,1,0,Fuzzers,1
62352,1.1e-05,udp,dns,INT,2,0,114,0,90909.0902,254,0,41454544.0,0.0,0,0,0.011,0.0,0.0,0.0,0,0,0,0,0.0,0.0,0.0,57,0,0,0,13,2,3,3,3,3,0,0,0,3,13,0,Generic,1
11646,0.193276,tcp,http,FIN,10,6,890,268,77.609221,254,252,33154.66016,9271.714844,2,1,19.712444,37.294602,1046.742839,62.682375,255,1475318182,633851318,255,0.053456,0.0068,0.046656,89,45,1,0,1,1,1,1,1,1,0,0,1,1,1,0,Exploits,1
24071,3e-06,udp,dns,INT,2,0,264,0,333333.3215,60,0,352000000.0,0.0,0,0,0.003,0.0,0.0,0.0,0,0,0,0,0.0,0.0,0.0,132,0,0,0,8,0,3,3,3,3,0,0,0,3,8,0,Normal,0
6461,5e-06,udp,-,INT,2,0,1098,0,200000.0051,254,0,878400000.0,0.0,0,0,0.005,0.0,0.0,0.0,0,0,0,0,0.0,0.0,0.0,549,0,0,0,5,2,1,1,1,4,0,0,0,2,4,0,Fuzzers,1
27754,0.084055,tcp,-,FIN,96,98,5486,92746,2296.115664,31,29,516709.3125,8737136.0,7,42,0.881337,0.868344,0.0,57.146559,255,4197679120,2065208785,255,0.00085,0.00069,0.00016,57,946,0,0,10,0,3,1,1,1,0,0,0,11,4,0,Normal,0
76270,0.638923,tcp,-,FIN,10,6,534,268,23.477008,254,252,6022.635254,2804.719971,2,1,68.840889,111.048,3443.206537,167.639813,255,428909103,879846046,255,0.206272,0.08368,0.122592,53,45,0,0,6,1,1,2,1,3,0,0,0,3,3,0,Normal,0
28502,0.003363,udp,dns,CON,2,2,146,178,892.060661,31,29,173654.4688,211715.7344,0,0,0.011,0.002,0.0,0.0,0,0,0,0,0.0,0.0,0.0,73,89,0,0,5,0,2,1,1,1,0,0,0,1,2,0,Normal,0
18480,9e-06,udp,dns,INT,2,0,114,0,111111.1072,254,0,50666664.0,0.0,0,0,0.009,0.0,0.0,0.0,0,0,0,0,0.0,0.0,0.0,57,0,0,0,27,2,18,18,18,27,0,0,0,18,27,0,Generic,1
9220,1.712245,tcp,-,FIN,24,58,1292,58384,47.306315,62,252,5788.891113,268083.125,6,27,74.445436,28.312648,3834.78247,2368.616289,255,3146237755,4214283188,255,0.196524,0.078069,0.118455,54,1007,0,0,1,1,2,1,1,1,0,0,0,1,5,0,Exploits,1
59002,1e-05,nsfnet-igp,-,INT,2,0,200,0,100000.0025,254,0,80000000.0,0.0,0,0,0.01,0.0,0.0,0.0,0,0,0,0,0.0,0.0,0.0,100,0,0,0,10,2,2,2,2,2,0,0,0,2,10,0,Exploits,1
62994,0.346612,tcp,-,FIN,12,8,2026,766,54.816335,254,252,42883.68359,15487.05762,3,2,30.311,44.339715,1533.242319,58.146324,255,762931373,2238026872,255,0.055727,0.036233,0.019494,169,96,0,0,6,1,3,2,1,2,0,0,0,2,8,0,Fuzzers,1
72676,3e-06,udp,-,INT,2,0,78,0,333333.3215,254,0,104000000.0,0.0,0,0,0.003,0.0,0.0,0.0,0,0,0,0,0.0,0.0,0.0,39,0,0,0,11,2,1,2,1,5,0,0,0,2,6,0,Normal,0
35653,0.832058,tcp,-,FIN,122,126,7816,16782,296.854301,31,29,74533.26563,160075.375,30,32,6.873529,6.652088,468.21602,461.538245,255,1977150259,1978183878,255,0.000698,0.000543,0.000155,64,133,0,0,3,0,5,1,1,1,0,0,0,3,7,0,Normal,0
79950,0.469982,tcp,http,FIN,10,8,834,1150,36.171598,62,252,12783.46875,17141.08203,2,2,52.220222,50.672,2897.104987,75.851844,255,733507855,2940103357,255,0.188993,0.114609,0.074384,83,144,1,168,2,1,1,1,1,2,0,0,1,1,2,0,Normal,0
34964,0.001053,udp,dns,CON,2,2,132,164,2849.002888,31,29,501424.5,622981.9375,0,0,0.011,0.008,0.0,0.0,0,0,0,0,0.0,0.0,0.0,66,82,0,0,2,0,4,1,1,1,0,0,0,5,3,0,Normal,0
76392,1.137765,tcp,-,FIN,10,8,534,354,14.941573,254,252,3382.069092,2179.711914,2,1,121.428444,148.101281,8731.871973,199.735797,255,3148110850,1625552928,255,0.182036,0.101052,0.080984,53,44,0,0,5,1,1,1,1,4,0,0,0,1,4,0,Normal,0
58487,3.5e-05,udp,dns,INT,2,0,114,0,28571.42781,254,0,13028571.0,0.0,0,0,0.035,0.0,0.0,0.0,0,0,0,0,0.0,0.0,0.0,57,0,0,0,11,2,7,7,3,7,0,0,0,8,11,0,Generic,1
47289,1.081061,tcp,smtp,FIN,36,22,26514,1874,52.725979,62,252,190760.75,13238.8457,15,8,30.88363,49.214715,2034.34398,60.556426,255,647068243,2292177849,255,0.110257,0.04754,0.062717,737,85,0,0,1,1,1,1,1,1,0,0,0,3,1,0,Exploits,1
30718,0.227668,tcp,ftp-data,FIN,14,6,8928,320,83.454854,31,29,291336.5,9382.083008,4,1,17.512922,45.402602,1626.761903,69.940023,255,1057511798,1365914088,255,0.000627,0.000488,0.000139,638,53,0,0,6,0,6,1,1,3,0,0,0,7,3,0,Normal,0
75672,9e-06,udp,-,INT,2,0,206,0,111111.1072,254,0,91555552.0,0.0,0,0,0.009,0.0,0.0,0.0,0,0,0,0,0.0,0.0,0.0,103,0,0,0,4,2,2,2,1,3,0,0,0,3,3,0,Normal,0
81637,0.549438,tcp,-,CON,6,2,998,86,12.740291,62,252,12114.19629,626.094299,2,1,109.8876,0.008,6773.717156,0.0,255,3621270966,1125414767,255,0.472877,0.386558,0.086319,166,43,0,0,5,3,3,3,1,4,0,0,0,4,4,0,Normal,0
33657,0.130972,tcp,-,FIN,22,14,1470,1728,267.232695,31,29,85758.78906,98036.22656,5,4,6.236762,10.019692,566.174369,20.677834,255,2575669484,2575970644,255,0.000667,0.000543,0.000124,67,123,0,0,12,0,4,1,1,2,0,0,0,2,6,0,Normal,0
68085,0.60841,tcp,-,FIN,12,10,1124,824,34.516198,254,252,13556.64746,9756.578125,3,2,55.309999,62.234445,3494.882218,106.150828,255,446636032,613093667,255,0.120547,0.047467,0.07308,94,82,0,0,2,1,18,2,1,2,0,0,0,2,2,0,Normal,0
40244,0.024506,tcp,-,FIN,48,50,2958,32368,3958.214185,31,29,945727.5625,10355341.0,7,18,0.51317,0.48702,34.444145,31.910411,255,2079469572,2079813157,255,0.000804,0.000631,0.000173,62,647,0,0,5,0,3,1,1,1,0,0,0,2,6,0,Normal,0
75034,8e-06,tcp,-,REQ,2,0,90,0,125000.0003,254,0,45000000.0,0.0,1,0,0.008,0.0,0.0,0.0,255,0,0,0,0.0,0.0,0.0,45,0,0,0,12,6,2,1,1,18,0,0,0,3,6,0,Normal,0
15841,3e-06,udp,dns,INT,2,0,114,0,333333.3215,254,0,152000000.0,0.0,0,0,0.003,0.0,0.0,0.0,0,0,0,0,0.0,0.0,0.0,57,0,0,0,29,2,16,16,16,29,0,0,0,16,29,0,Generic,1
47499,0.970712,tcp,-,FIN,10,8,564,354,17.512918,254,252,4186.617676,2554.825684,2,1,104.565222,128.76057,7064.293779,186.384625,255,710816205,1256863757,255,0.14693,0.069381,0.077549,56,44,0,0,1,1,2,1,1,1,0,0,0,1,7,0,Reconnaissance,1
46464,0.630359,tcp,http,FIN,10,6,1582,268,23.795964,254,252,18072.24219,2842.824463,2,1,67.401111,110.464797,4020.770706,186.732438,255,2164391053,612381010,255,0.121889,0.078029,0.04386,158,45,1,0,1,1,1,1,1,1,0,0,1,1,1,0,Backdoor,1
42800,0.921485,tcp,-,FIN,16,10,2156,556,27.130121,254,252,17554.27344,4349.500977,4,2,6370.673188,10193.773,798714.648,30292.162,255,421369768,145382717,255,0.143129,0.109039,0.03409,135,56,0,0,6,1,3,3,2,6,0,0,0,3,6,0,Normal,0
63737,1.229612,tcp,-,FIN,10,8,828,354,13.8255,254,252,4853.563477,2016.896362,2,1,134.706667,160.31,7655.687716,297.355594,255,1792527373,1326176586,255,0.190587,0.107437,0.08315,83,44,0,0,6,1,1,1,1,1,0,0,0,1,2,0,Reconnaissance,1
18355,3e-06,udp,dns,INT,2,0,114,0,333333.3215,254,0,152000000.0,0.0,0,0,0.003,0.0,0.0,0.0,0,0,0,0,0.0,0.0,0.0,57,0,0,0,30,2,16,16,16,30,0,0,0,16,30,0,Generic,1
20134,8e-06,udp,dns,INT,2,0,114,0,125000.0003,254,0,57000000.0,0.0,0,0,0.008,0.0,0.0,0.0,0,0,0,0,0.0,0.0,0.0,57,0,0,0,31,2,7,7,7,31,0,0,0,7,31,0,Generic,1
52671,0.752357,tcp,-,FIN,10,6,534,268,19.937343,254,252,5114.593262,2381.8479,2,1,80.376333,134.309203,4215.88773,221.60775,255,3892963721,2117034067,255,0.163988,0.080801,0.083187,53,45,0,0,7,1,1,1,1,1,0,0,0,1,4,0,Fuzzers,1
10704,59.478535,ospf,-,INT,80,0,21760,0,1.32821,254,0,2890.185547,0.0,0,0,752.892875,0.0,1035.923438,0.0,0,0,0,0,0.0,0.0,0.0,272,0,0,0,1,2,1,1,1,1,0,0,0,2,1,0,Exploits,1
23559,0.035513,tcp,-,FIN,60,62,3614,49590,3407.203121,31,29,800608.25,10991130.0,7,24,0.606776,0.572836,32.659516,31.977706,255,4232724707,4252454171,255,0.001513,0.000565,0.000948,60,800,0,0,13,0,2,1,1,1,0,0,0,5,6,0,Normal,0
6919,3e-06,idpr-cmtp,-,INT,2,0,200,0,333333.3215,254,0,266666656.0,0.0,0,0,0.003,0.0,0.0,0.0,0,0,0,0,0.0,0.0,0.0,100,0,0,0,4,2,1,1,1,4,0,0,0,1,4,0,DoS,1
73959,0.543111,tcp,-,FIN,10,8,610,354,31.301151,254,252,8086.744141,4566.285645,2,1,60.345667,63.181,3856.113143,114.683312,255,337302644,3622077106,255,0.111569,0.076086,0.035483,61,44,0,0,3,1,2,2,1,3,0,0,0,2,3,0,Normal,0
44998,32.530132,tcp,-,FIN,24,16,2406,1434,1.198888,254,252,567.10498,330.770264,7,4,1414.304999,2162.873,200591.0648,7554.507,255,705888386,360574638,255,0.167543,0.087029,0.080514,100,90,0,0,4,1,3,2,2,2,0,0,0,2,5,0,Fuzzers,1
15178,3e-06,udp,dns,INT,2,0,114,0,333333.3215,254,0,152000000.0,0.0,0,0,0.003,0.0,0.0,0.0,0,0,0,0,0.0,0.0,0.0,57,0,0,0,17,2,8,8,8,17,0,0,0,8,17,0,Generic,1
36756,0.000979,udp,dns,CON,2,2,146,178,3064.351366,31,29,596527.0625,727272.75,0,0,0.007,0.002,0.0,0.0,0,0,0,0,0.0,0.0,0.0,73,89,0,0,4,0,3,1,1,1,0,0,0,5,2,0,Normal,0
30958,0.02192,tcp,-,FIN,16,18,1540,1644,1505.474503,31,29,527007.3125,566788.3125,4,4,1.438933,1.261941,91.873224,2.241846,255,4080266681,1974180614,255,0.000588,0.000464,0.000124,96,91,0,0,6,0,7,6,1,6,0,0,0,9,9,0,Normal,0
43444,5e-06,udp,-,INT,2,0,78,0,200000.0051,254,0,62400000.0,0.0,0,0,0.005,0.0,0.0,0.0,0,0,0,0,0.0,0.0,0.0,39,0,0,0,26,2,9,9,1,25,0,0,0,10,25,0,Normal,0
8772,1.693794,tcp,smtp,FIN,18,18,2382,1432,20.66367,254,252,10627.03027,6390.387695,6,7,99.634941,93.145117,4832.420926,110.256805,255,1321627695,3495929408,255,0.188392,0.094259,0.094133,132,80,0,0,1,1,1,1,1,1,0,0,0,1,1,0,DoS,1
81565,0.438084,tcp,-,CON,6,2,998,86,15.978671,62,252,15193.43262,785.237549,2,1,87.6168,0.002,4516.645044,0.0,255,1129834132,113352950,255,0.274197,0.184428,0.089769,166,43,0,0,3,3,1,1,1,2,0,0,0,2,2,0,Normal,0
18059,9e-06,udp,dns,INT,2,0,114,0,111111.1072,254,0,50666664.0,0.0,0,0,0.009,0.0,0.0,0.0,0,0,0,0,0.0,0.0,0.0,57,0,0,0,38,2,21,21,12,38,0,0,0,21,38,0,Generic,1
60418,5e-06,udp,dns,INT,2,0,114,0,200000.0051,254,0,91200000.0,0.0,0,0,0.005,0.0,0.0,0.0,0,0,0,0,0.0,0.0,0.0,57,0,0,0,8,2,5,4,4,4,0,0,0,6,8,0,Generic,1
81484,0.477119,tcp,-,CON,6,2,998,86,14.671392,62,252,13950.39844,720.994141,2,1,95.4238,0.007,5033.875801,0.0,255,2930705763,3721146482,255,0.318961,0.147525,0.171436,166,43,0,0,5,3,1,1,1,5,0,0,0,1,7,0,Normal,0
80951,0.814529,tcp,-,FIN,10,8,2516,354,20.870957,254,252,22245.98438,3044.704346,2,1,87.601556,96.335,4648.769046,174.302094,255,3627313465,1095110418,255,0.218319,0.140174,0.078145,252,44,0,0,3,1,1,1,1,3,0,0,0,1,3,0,Normal,0
76736,0.996797,tcp,ftp,FIN,12,12,572,682,23.073905,254,252,4213.495605,5024.091797,3,4,90.617911,80.93382,4470.389696,102.762867,255,3910286910,3275306918,255,0.179045,0.105857,0.073188,48,57,0,0,3,1,1,2,1,1,0,0,0,2,1,0,Normal,0
11701,9e-06,udp,-,INT,2,0,168,0,111111.1072,254,0,74666664.0,0.0,0,0,0.009,0.0,0.0,0.0,0,0,0,0,0.0,0.0,0.0,84,0,0,0,1,2,1,1,1,1,0,0,0,1,1,0,Reconnaissance,1
74754,4e-06,tcp,-,REQ,2,0,90,0,250000.0006,254,0,90000000.0,0.0,1,0,0.004,0.0,0.0,0.0,255,0,0,0,0.0,0.0,0.0,45,0,0,0,9,6,2,1,1,6,0,0,0,3,6,0,Normal,0
62101,2e-06,udp,-,INT,2,0,168,0,500000.0013,254,0,336000000.0,0.0,0,0,0.002,0.0,0.0,0.0,0,0,0,0,0.0,0.0,0.0,84,0,0,0,1,2,1,1,1,1,0,0,0,1,1,0,Reconnaissance,1
22652,9e-06,udp,dns,INT,2,0,114,0,111111.1072,254,0,50666664.0,0.0,0,0,0.009,0.0,0.0,0.0,0,0,0,0,0.0,0.0,0.0,57,0,0,0,43,2,43,43,18,43,0,0,0,43,43,0,Generic,1
54149,1e-05,udp,dns,INT,2,0,114,0,100000.0025,254,0,45600000.0,0.0,0,0,0.01,0.0,0.0,0.0,0,0,0,0,0.0,0.0,0.0,57,0,0,0,9,2,4,4,4,4,0,0,0,5,9,0,Generic,1
39792,0.018182,tcp,-,FIN,16,18,1540,1644,1814.981836,31,29,635353.625,683313.1875,4,4,1.1894,1.042471,71.754442,2.193704,255,2719695653,578654302,255,0.000581,0.000456,0.000125,96,91,0,0,11,0,7,6,1,6,0,0,0,8,7,0,Normal,0
35714,0.080762,tcp,-,FIN,86,86,4966,77276,2117.332438,31,29,486268.3125,7565736.5,7,36,0.946424,0.944188,0.0,1.657108,255,486691487,2660028243,255,0.000621,0.000502,0.000119,58,899,0,0,3,0,2,1,1,1,0,0,0,2,7,0,Normal,0
30454,0.399056,tcp,-,FIN,16,18,1540,1644,82.695163,31,29,28948.31836,31133.47656,4,4,26.5778,23.436471,1515.543596,42.923633,255,4095154280,1996308885,255,0.000755,0.000633,0.000122,96,91,0,0,2,0,6,2,1,2,0,0,0,4,5,0,Normal,0
57994,4e-06,skip,-,INT,2,0,200,0,90909.0902,254,0,72727272.0,0.0,0,0,0.011,0.0,0.0,0.0,0,0,0,0,0.0,0.0,0.0,100,0,0,0,14,2,6,6,6,6,0,0,0,6,14,0,Fuzzers,1
35186,0.063906,tcp,-,FIN,46,48,2854,30622,1455.262438,31,29,349513.3438,3753638.25,7,17,1.412444,1.346277,79.598271,78.069908,255,2971427189,893037797,255,0.000761,0.000628,0.000133,62,638,0,0,7,0,8,1,1,2,0,0,0,4,6,0,Normal,0
7247,8e-06,ospf,-,INT,2,0,200,0,125000.0003,254,0,100000000.0,0.0,0,0,0.008,0.0,0.0,0.0,0,0,0,0,0.0,0.0,0.0,100,0,0,0,5,2,2,2,2,5,0,0,0,3,5,0,Exploits,1
30044,0.306992,tcp,-,FIN,28,28,4192,2976,179.157766,31,29,105357.7969,74790.22656,7,7,11.357704,11.351111,656.969332,17.293398,255,206169634,2359524098,255,0.001092,0.000505,0.000587,150,106,0,0,7,0,3,1,1,3,0,0,0,10,7,0,Normal,0
21669,6e-06,udp,dns,INT,2,0,114,0,166666.6608,254,0,76000000.0,0.0,0,0,0.006,0.0,0.0,0.0,0,0,0,0,0.0,0.0,0.0,57,0,0,0,10,2,10,10,10,10,0,0,0,10,10,0,Generic,1
66062,0.797394,tcp,http,FIN,10,8,816,1076,21.319449,62,252,7374.020996,9450.786133,2,2,88.599333,105.655711,4816.16907,178.817484,255,425547545,2240221236,255,0.116095,0.057023,0.059072,82,135,1,136,3,1,17,1,1,3,0,0,1,1,3,0,Normal,0
34952,1.008032,tcp,http,FIN,12,18,1580,10168,28.768929,31,29,11499.63574,76219.80469,3,5,91.607361,59.268058,9549.312416,7692.156994,255,486300184,2636896802,255,0.000598,0.000472,0.000126,132,565,1,3924,2,0,3,2,1,3,0,0,1,9,2,0,Normal,0
23961,0.001014,udp,-,CON,2,2,146,178,2958.579772,31,29,575936.875,702169.625,0,0,0.011,0.009,0.0,0.0,0,0,0,0,0.0,0.0,0.0,73,89,0,0,5,0,2,1,1,1,0,0,0,1,11,0,Normal,0
58618,2.912487,tcp,http,FIN,12,2,1576,96,4.463539,254,252,3969.116455,131.846085,6,1,264.771545,0.009,17610.16527,0.0,255,245934143,554933171,255,0.126381,0.073839,0.052542,131,48,1,0,1,1,1,1,1,1,0,0,1,2,1,0,Exploits,1
31410,0.019987,tcp,-,FIN,48,50,2958,32368,4853.154513,31,29,1159553.75,12696653.0,7,18,0.418489,0.395265,23.74428,23.273196,255,951199418,3096865146,255,0.000767,0.000613,0.000154,62,647,0,0,8,0,3,1,1,1,0,0,0,8,17,0,Normal,0
54730,1.1e-05,udp,dns,INT,2,0,114,0,90909.0902,254,0,41454544.0,0.0,0,0,0.011,0.0,0.0,0.0,0,0,0,0,0.0,0.0,0.0,57,0,0,0,23,2,3,3,1,3,0,0,0,3,23,0,Generic,1
12725,9e-06,udp,dns,INT,2,0,114,0,111111.1072,254,0,50666664.0,0.0,0,0,0.009,0.0,0.0,0.0,0,0,0,0,0.0,0.0,0.0,57,0,0,0,39,2,1,1,1,39,0,0,0,1,39,0,Generic,1
47058,6.889499,tcp,smtp,FIN,54,24,49836,2004,11.176429,62,252,56798.32422,2230.641113,23,8,129.990548,295.767812,20869.19869,928.0645,255,514436303,3875000696,255,0.176294,0.085955,0.090339,923,84,0,0,1,1,7,1,1,7,0,0,0,9,1,0,Exploits,1
79553,0.58653,tcp,-,FIN,10,6,498,268,25.574138,254,252,6124.153809,3055.25708,2,1,65.055778,98.704,3252.55963,147.921484,255,2077394549,3855666702,255,0.226039,0.093003,0.133036,50,45,0,0,8,1,1,1,1,4,0,0,0,1,4,0,Normal,0
2376,0.190928,tcp,http,FIN,10,6,772,268,78.563648,254,252,29120.92578,9385.737305,2,1,19.638333,36.925199,1056.441093,63.850305,255,445896635,62193092,255,0.051681,0.006301,0.04538,77,45,1,0,1,1,1,1,1,1,0,0,1,1,1,0,Reconnaissance,1
19571,9e-06,udp,dns,INT,2,0,114,0,111111.1072,254,0,50666664.0,0.0,0,0,0.009,0.0,0.0,0.0,0,0,0,0,0.0,0.0,0.0,57,0,0,0,30,2,25,25,25,30,0,0,0,25,30,0,Generic,1
27687,0.01835,tcp,-,FIN,16,18,1540,1644,1798.365166,31,29,629536.8125,677057.25,4,4,1.201933,1.051529,72.920195,2.227961,255,2377026690,231542444,255,0.000594,0.00047,0.000124,96,91,0,0,7,0,2,2,1,2,0,0,0,2,3,0,Normal,0
7581,8e-06,iatp,-,INT,2,0,200,0,125000.0003,254,0,100000000.0,0.0,0,0,0.008,0.0,0.0,0.0,0,0,0,0,0.0,0.0,0.0,100,0,0,0,5,2,2,2,2,5,0,0,0,8,5,0,Exploits,1
72513,3e-06,udp,-,INT,2,0,78,0,333333.3215,254,0,104000000.0,0.0,0,0,0.003,0.0,0.0,0.0,0,0,0,0,0.0,0.0,0.0,39,0,0,0,14,2,4,5,3,7,0,0,0,6,7,0,Normal,0
59238,6e-06,unas,-,INT,2,0,200,0,90909.0902,254,0,72727272.0,0.0,0,0,0.011,0.0,0.0,0.0,0,0,0,0,0.0,0.0,0.0,100,0,0,0,10,2,6,4,4,5,0,0,0,12,10,0,Fuzzers,1
3297,8e-06,unas,-,INT,2,0,200,0,125000.0003,254,0,100000000.0,0.0,0,0,0.008,0.0,0.0,0.0,0,0,0,0,0.0,0.0,0.0,100,0,0,0,7,2,4,3,3,7,0,0,0,6,7,0,Fuzzers,1
24671,1.007282,tcp,http,FIN,14,18,1684,10168,30.775889,31,29,12421.5459,76276.55469,3,5,77.456382,59.219,8766.181494,7675.773153,255,1492834242,3643539020,255,0.000736,0.000554,0.000182,120,565,1,3924,2,0,4,1,1,1,0,0,1,1,1,0,Normal,0
17378,9e-06,udp,dns,INT,2,0,114,0,111111.1072,254,0,50666664.0,0.0,0,0,0.009,0.0,0.0,0.0,0,0,0,0,0.0,0.0,0.0,57,0,0,0,33,2,18,18,18,33,0,0,0,18,33,0,Generic,1
32061,1.534027,tcp,ssh,FIN,70,60,12472,12716,84.092393,31,29,64113.60547,65213.97656,17,17,22.232275,25.987526,1446.229174,1565.532983,255,4050062852,1900772251,255,0.000776,0.000622,0.000154,178,212,0,0,1,0,4,1,1,3,0,0,0,6,1,0,Normal,0
28317,0.014,tcp,-,FIN,16,18,1540,1644,2357.142784,31,29,825142.8125,887428.5625,4,4,0.911467,0.796471,62.872756,1.422081,255,2599742912,459313287,255,0.000574,0.000453,0.000121,96,91,0,0,11,0,11,6,1,6,0,0,0,9,13,0,Normal,0
41606,0.765337,tcp,-,CON,6,2,998,86,9.146298,62,252,8696.822266,449.475189,2,1,153.0674,0.007,8103.479502,0.0,255,1692197457,4082408883,255,0.516055,0.345374,0.170681,166,43,0,0,3,3,1,1,1,2,0,0,0,1,2,0,Normal,0
19255,7e-06,udp,dns,INT,2,0,114,0,142857.1409,254,0,65142856.0,0.0,0,0,0.007,0.0,0.0,0.0,0,0,0,0,0.0,0.0,0.0,57,0,0,0,43,2,43,43,25,43,0,0,0,43,43,0,Generic,1
81968,7e-06,udp,-,INT,2,0,104,0,142857.1409,254,0,59428572.0,0.0,0,0,0.007,0.0,0.0,0.0,0,0,0,0,0.0,0.0,0.0,52,0,0,0,5,2,2,2,1,5,0,0,0,2,5,0,Normal,0
53694,1.1e-05,merit-inp,-,INT,2,0,200,0,250000.0006,254,0,200000000.0,0.0,0,0,0.004,0.0,0.0,0.0,0,0,0,0,0.0,0.0,0.0,100,0,0,0,22,2,6,4,4,6,0,0,0,7,17,0,Exploits,1
76099,0.119605,tcp,-,CON,6,2,978,86,58.525983,62,252,54512.77344,2876.134033,2,1,23.921,0.007,1416.600508,0.0,255,3655592604,828425407,255,0.097777,0.053292,0.044485,163,43,0,0,9,3,1,1,1,9,0,0,0,1,9,0,Normal,0
67171,2.350463,tcp,-,FIN,14,14,2638,764,11.487099,254,252,8338.783203,2416.545166,4,4,180.804851,204.611641,11171.5147,278.985844,255,2277102432,1635986062,255,0.19767,0.098983,0.098687,188,55,0,0,4,1,2,1,1,2,0,0,0,3,3,0,Normal,0
73554,1.420621,tcp,ftp,FIN,16,12,842,682,19.005772,254,252,4448.758789,3525.21875,4,4,92.050265,117.88,5379.253517,151.919766,255,1759307416,1650101720,255,0.241278,0.123932,0.117346,53,57,0,0,1,1,1,1,1,1,0,0,0,1,1,0,Normal,0
71284,0.640845,tcp,-,FIN,10,6,534,268,23.406596,254,252,6004.572266,2796.308105,1,0,11437.9074,19068.442,1137893.683,42404.536,255,156414290,3041484541,255,0.137331,0.081305,0.056026,53,45,0,0,5,1,2,2,2,5,0,0,0,3,5,0,Normal,0
58990,1e-05,nsfnet-igp,-,INT,2,0,200,0,100000.0025,254,0,80000000.0,0.0,0,0,0.01,0.0,0.0,0.0,0,0,0,0,0.0,0.0,0.0,100,0,0,0,10,2,2,2,2,2,0,0,0,2,10,0,Analysis,1
5777,2.170698,tcp,smtp,FIN,22,20,3393,1794,18.887934,254,252,11937.17481,6283.693359,8,8,103.366575,106.246055,5340.362453,148.4905,255,1960554254,3961411328,255,0.173379,0.102333,0.071046,154,90,0,0,1,1,4,1,1,10,0,0,0,4,1,0,DoS,1
18985,8e-06,udp,dns,INT,2,0,114,0,125000.0003,254,0,57000000.0,0.0,0,0,0.008,0.0,0.0,0.0,0,0,0,0,0.0,0.0,0.0,57,0,0,0,34,2,16,16,16,34,0,0,0,16,34,0,Generic,1
48128,1.2e-05,any,-,INT,2,0,200,0,83333.33039,254,0,66666664.0,0.0,0,0,0.012,0.0,0.0,0.0,0,0,0,0,0.0,0.0,0.0,100,0,0,0,19,2,6,6,6,6,0,0,0,6,18,0,DoS,1
19591,8e-06,udp,dns,INT,2,0,114,0,125000.0003,254,0,57000000.0,0.0,0,0,0.008,0.0,0.0,0.0,0,0,0,0,0.0,0.0,0.0,57,0,0,0,31,2,21,21,21,31,0,0,0,22,31,0,Generic,1
44756,1.875293,tcp,-,FIN,12,10,1110,806,11.19825,254,252,4342.788086,3097.115967,3,2,159.347278,197.429781,9559.569764,311.676688,255,2233883170,717902725,255,0.185896,0.098424,0.087472,93,81,0,0,5,1,1,1,1,1,0,0,0,1,1,0,Fuzzers,1
32111,0.016023,tcp,-,FIN,36,38,2334,16290,4555.950621,31,29,1133370.75,7919615.0,7,12,0.447286,0.42975,32.86629,29.170141,255,187307857,2332975123,255,0.000693,0.000546,0.000147,65,429,0,0,18,0,6,1,1,1,0,0,0,11,1,0,Normal,0
48475,2.309018,tcp,-,FIN,12,10,994,810,9.094776,254,252,3159.784912,2525.749268,3,2,206.273267,239.023,13565.2142,342.883219,255,1002392493,1513167152,255,0.222836,0.157801,0.065035,83,81,0,0,2,1,1,1,1,1,0,0,0,1,1,0,Fuzzers,1
79187,1.096134,tcp,-,FIN,12,10,1018,838,19.158243,254,252,6816.685059,5510.275391,3,2,97.043089,108.193,5737.554683,168.722703,255,2466815531,3077300840,255,0.219707,0.122392,0.097315,85,84,0,0,3,1,2,1,1,2,0,0,0,2,2,0,Normal,0
53951,3e-06,udp,-,INT,2,0,168,0,333333.3215,254,0,224000000.0,0.0,0,0,0.003,0.0,0.0,0.0,0,0,0,0,0.0,0.0,0.0,84,0,0,0,1,2,1,1,1,1,0,0,0,1,1,0,Reconnaissance,1
69510,0.517445,tcp,http,FIN,10,8,858,1182,32.853731,62,252,11951.02832,16001.7002,2,2,57.483556,67.106859,2949.121318,96.720094,255,2129850869,2436804912,255,0.125037,0.047688,0.077349,86,148,1,170,4,1,2,2,2,4,0,0,4,3,3,0,Normal,0
69169,3e-06,tcp,-,REQ,2,0,90,0,333333.3215,254,0,119999992.0,0.0,1,0,0.003,0.0,0.0,0.0,255,0,0,0,0.0,0.0,0.0,45,0,0,0,7,6,4,1,1,7,0,0,0,4,7,0,Normal,0
48314,0.552731,tcp,-,FIN,12,12,2484,529,41.611563,254,252,32956.35938,7019.689941,3,3,50.248274,44.48991,3347.433564,89.658141,255,789425589,1469133825,255,0.1078,0.057784,0.050016,207,44,0,0,1,1,1,1,1,1,0,0,0,1,1,0,Exploits,1
61085,6e-06,udp,dns,INT,2,0,114,0,166666.6608,254,0,76000000.0,0.0,0,0,0.006,0.0,0.0,0.0,0,0,0,0,0.0,0.0,0.0,57,0,0,0,3,2,3,3,3,3,0,0,0,4,3,0,Generic,1
16667,9e-06,udp,dns,INT,2,0,114,0,111111.1072,254,0,50666664.0,0.0,0,0,0.009,0.0,0.0,0.0,0,0,0,0,0.0,0.0,0.0,57,0,0,0,27,2,25,25,25,27,0,0,0,26,27,0,Generic,1
51813,2.831795,tcp,-,FIN,16,2,7488,96,6.003259,254,252,19831.94336,135.603043,11,1,188.786338,0.008,16782.4391,0.0,255,4004895652,4143884603,255,0.129986,0.067727,0.062259,468,48,0,0,2,1,1,1,1,1,0,0,0,2,2,0,Exploits,1
56811,7e-06,sps,-,INT,2,0,200,0,166666.6608,254,0,133333328.0,0.0,0,0,0.006,0.0,0.0,0.0,0,0,0,0,0.0,0.0,0.0,100,0,0,0,10,2,6,6,6,6,0,0,0,9,10,0,Fuzzers,1
51290,1.1e-05,udp,dns,INT,2,0,114,0,90909.0902,254,0,41454544.0,0.0,0,0,0.011,0.0,0.0,0.0,0,0,0,0,0.0,0.0,0.0,57,0,0,0,10,2,7,7,3,7,0,0,0,7,10,0,Generic,1
7700,8e-06,unas,-,INT,2,0,200,0,125000.0003,254,0,100000000.0,0.0,0,0,0.008,0.0,0.0,0.0,0,0,0,0,0.0,0.0,0.0,100,0,0,0,5,2,2,2,2,5,0,0,0,4,5,0,Fuzzers,1
50670,1.2e-05,iso-tp4,-,INT,2,0,200,0,83333.33039,254,0,66666664.0,0.0,0,0,0.012,0.0,0.0,0.0,0,0,0,0,0.0,0.0,0.0,100,0,0,0,22,2,4,4,4,4,0,0,0,4,17,0,Exploits,1
9264,0.712295,tcp,ftp-data,FIN,8,10,364,3754,23.866516,62,252,3582.785156,37950.57031,1,3,101.756431,71.505222,6355.14443,6143.689648,255,2349393882,3696087411,255,0.188509,0.068075,0.120434,46,375,0,0,1,1,2,1,1,2,0,0,0,2,1,0,Exploits,1
33381,0.020825,tcp,ftp,FIN,52,54,2934,3742,5042.016691,31,29,1105594.25,1410996.375,11,15,0.4097,0.383547,27.451963,0.639933,255,428489151,429504234,255,0.000615,0.000493,0.000122,56,69,0,0,1,0,4,1,1,4,1,1,0,10,1,0,Normal,0
37847,0.021919,tcp,-,FIN,16,18,1540,1644,1505.543075,31,29,527031.3125,566814.1875,4,4,1.4386,1.217588,97.819469,2.252354,255,2209319556,67116408,255,0.001395,0.001216,0.000179,96,91,0,0,7,0,7,6,1,6,0,0,0,10,6,0,Normal,0
48692,1.2e-05,udp,-,INT,2,0,168,0,83333.33039,254,0,56000000.0,0.0,0,0,0.012,0.0,0.0,0.0,0,0,0,0,0.0,0.0,0.0,84,0,0,0,1,2,1,1,1,1,0,0,0,2,1,0,Reconnaissance,1
65490,4e-06,udp,dns,INT,2,0,114,0,250000.0006,254,0,114000000.0,0.0,0,0,0.004,0.0,0.0,0.0,0,0,0,0,0.0,0.0,0.0,57,0,0,0,7,2,4,3,3,3,0,0,0,4,7,0,Generic,1
45750,1.231256,tcp,-,FIN,10,8,564,354,13.807039,254,252,3300.69458,2014.203369,2,1,136.806222,159.285141,8120.750635,235.951516,255,3664383753,442249398,255,0.190082,0.115709,0.074373,56,44,0,0,1,1,1,1,1,1,0,0,0,1,1,0,Reconnaissance,1
55036,2.160345,tcp,-,FIN,28,92,1440,101926,55.083793,62,252,5143.622559,373344.0625,6,44,80.012778,22.467428,4366.455257,2276.906159,255,250924610,256547686,255,0.168317,0.115119,0.053198,51,1108,0,0,2,1,1,1,1,1,0,0,0,1,1,0,Exploits,1
58091,1.1e-05,udp,dns,INT,2,0,114,0,90909.0902,254,0,41454544.0,0.0,0,0,0.011,0.0,0.0,0.0,0,0,0,0,0.0,0.0,0.0,57,0,0,0,6,2,2,2,2,2,0,0,0,2,6,0,Generic,1
79390,0.989148,tcp,-,FIN,10,8,738,354,17.186508,254,252,5378.365723,2507.208252,2,1,106.775444,124.957289,6869.111181,172.996375,255,3896403544,3501237603,255,0.191896,0.114445,0.077451,74,44,0,0,4,1,1,1,1,5,0,0,0,2,4,0,Normal,0
51929,6e-06,sctp,-,INT,2,0,78,0,166666.6608,254,0,52000000.0,0.0,0,0,0.006,0.0,0.0,0.0,0,0,0,0,0.0,0.0,0.0,39,0,0,0,9,2,2,2,2,2,0,0,0,3,2,0,Generic,1
30262,17.448471,tcp,http,FIN,352,746,18786,1087890,62.870838,31,29,8588.947266,498121.3438,2,370,49.709745,23.420117,3585.362793,2414.069595,255,3188978185,1090974205,255,0.000628,0.00048,0.000148,53,1458,1,524288,3,0,1,1,1,1,0,0,1,5,1,0,Normal,0
66327,14.032925,tcp,-,REQ,6,0,270,0,0.356305,254,0,128.269775,0.0,5,0,2806.585,0.0,5030.8385,0.0,255,0,0,0,0.0,0.0,0.0,45,0,0,0,11,6,4,2,2,10,0,0,0,4,10,0,Normal,0
79604,0.587949,tcp,-,FIN,10,6,486,268,25.512418,254,252,5959.700684,3047.883545,2,1,65.167667,87.902398,3369.813172,124.073125,255,3603012480,4128990843,255,0.256078,0.148431,0.107647,49,45,0,0,1,1,1,1,1,1,0,0,0,1,2,0,Normal,0
45109,0.763792,tcp,ftp,FIN,12,14,602,940,32.731425,62,252,5781.678711,9143.850586,4,4,69.435636,55.05623,4063.551013,3315.275642,255,3499519788,2918940466,255,0.047392,0.047392,0.0,50,67,0,0,1,1,1,1,1,1,0,0,0,1,1,0,DoS,1
31422,0.257876,tcp,-,FIN,96,98,5486,92746,748.421697,31,29,168422.0313,2847880.25,7,42,2.711084,2.653464,152.137431,150.116035,255,3090062500,979201741,255,0.000622,0.000487,0.000135,57,946,0,0,8,0,1,1,1,1,0,0,0,1,9,0,Normal,0
67071,0.84382,tcp,-,FIN,10,6,930,268,17.776304,254,252,7935.341797,2123.675781,2,1,90.647778,158.360203,5345.429382,268.662375,255,127741409,2763180097,255,0.136359,0.05201,0.084349,93,45,0,0,5,1,2,2,2,3,0,0,0,2,3,0,Normal,0
41534,0.631979,tcp,-,CON,6,2,998,86,11.076318,62,252,10531.99609,544.321899,2,1,126.3958,0.002,6409.613074,0.0,255,3444935601,3664385572,255,0.262099,0.136309,0.12579,166,43,0,0,3,3,1,1,1,2,0,0,0,1,2,0,Normal,0
64372,0.986493,tcp,-,FIN,10,6,2516,268,15.205379,254,252,18368.09766,1816.536011,2,1,104.587667,183.610797,5785.203621,306.17,255,3823227785,83845320,255,0.168025,0.068428,0.099597,252,45,0,0,17,1,1,1,1,1,0,0,0,3,2,0,Fuzzers,1
38066,0.010897,tcp,-,FIN,34,34,2230,13184,6148.481053,31,29,1589428.25,9394879.0,7,11,0.321424,0.311364,20.589013,21.309755,255,3470670748,3475786297,255,0.000746,0.000612,0.000134,66,388,0,0,4,0,4,1,1,1,0,0,0,2,5,0,Normal,0
13957,9e-06,udp,dns,INT,2,0,114,0,111111.1072,254,0,50666664.0,0.0,0,0,0.009,0.0,0.0,0.0,0,0,0,0,0.0,0.0,0.0,57,0,0,0,29,2,18,18,18,29,0,0,0,18,29,0,Generic,1
60843,1.1e-05,udp,dns,INT,2,0,114,0,90909.0902,254,0,41454544.0,0.0,0,0,0.011,0.0,0.0,0.0,0,0,0,0,0.0,0.0,0.0,57,0,0,0,19,2,5,5,2,5,0,0,0,5,19,0,Generic,1
71497,1.12953,tcp,-,FIN,16,10,3414,556,22.133101,254,252,22671.37695,3548.378662,4,4,7452.283564,11930.062,934209.4078,35441.156,255,122085130,3278726284,255,0.226533,0.140581,0.085952,213,56,0,0,5,1,2,2,2,5,0,0,0,3,5,0,Normal,0
56887,1.1e-05,udp,dns,INT,2,0,114,0,90909.0902,254,0,41454544.0,0.0,0,0,0.011,0.0,0.0,0.0,0,0,0,0,0.0,0.0,0.0,57,0,0,0,9,2,4,3,3,3,0,0,0,3,9,0,Generic,1
45094,0.189445,tcp,http,FIN,10,6,928,268,79.178652,254,252,35303.12109,9459.209961,2,1,19.304,36.576199,1027.051742,61.884996,255,786353473,1583049505,255,0.051824,0.006544,0.04528,93,45,1,0,2,1,1,1,1,1,0,0,1,1,1,0,Reconnaissance,1
33654,0.369874,tcp,-,FIN,96,98,5486,92746,521.799315,31,29,117423.7734,1985541.0,7,42,3.889674,3.80799,238.311807,236.210176,255,1328493462,1471036679,255,0.000664,0.000495,0.000169,57,946,0,0,3,0,4,1,1,2,0,0,0,3,4,0,Normal,0
20769,8e-06,udp,dns,INT,2,0,114,0,125000.0003,254,0,57000000.0,0.0,0,0,0.008,0.0,0.0,0.0,0,0,0,0,0.0,0.0,0.0,57,0,0,0,36,2,19,18,18,36,0,0,0,18,36,0,Generic,1
9775,0.69386,tcp,ftp-data,FIN,8,8,364,906,21.618194,62,252,3677.975342,9143.054688,1,2,99.122859,84.42243,6033.136755,180.970063,255,3503703118,2013930583,255,0.191469,0.090483,0.100986,46,113,0,0,1,1,3,1,1,2,0,0,0,2,1,0,Exploits,1
76505,0.528259,tcp,-,FIN,10,6,588,268,28.395163,254,252,8026.366211,3392.275635,2,1,58.680889,90.280797,2930.315555,115.402328,255,102152593,2684348181,255,0.128218,0.076853,0.051365,59,45,0,0,2,1,1,1,1,3,0,0,0,1,2,0,Normal,0
58300,1.1e-05,udp,dns,INT,2,0,114,0,90909.0902,254,0,41454544.0,0.0,0,0,0.011,0.0,0.0,0.0,0,0,0,0,0.0,0.0,0.0,57,0,0,0,17,2,7,7,4,7,0,0,0,7,17,0,Generic,1
74687,0.866404,tcp,-,FIN,10,8,2516,354,19.621331,254,252,20914.03125,2862.406006,2,1,96.226889,111.516141,5136.150142,226.678516,255,3396667698,1591947710,255,0.128172,0.085782,0.04239,252,44,0,0,2,1,1,1,1,2,0,0,0,1,2,0,Normal,0
52663,4e-06,udp,-,INT,2,0,168,0,250000.0006,254,0,168000000.0,0.0,0,0,0.004,0.0,0.0,0.0,0,0,0,0,0.0,0.0,0.0,84,0,0,0,1,2,1,1,1,1,0,0,0,1,1,0,Reconnaissance,1
32855,0.018974,tcp,-,FIN,16,18,1540,1644,1739.222039,31,29,608833.125,654790.75,4,4,1.2434,1.088706,75.287638,2.253211,255,768231951,773084099,255,0.000631,0.000463,0.000168,96,91,0,0,9,0,7,6,1,6,0,0,0,8,9,0,Normal,0
54625,1e-05,udp,dns,INT,2,0,114,0,100000.0025,254,0,45600000.0,0.0,0,0,0.01,0.0,0.0,0.0,0,0,0,0,0.0,0.0,0.0,57,0,0,0,7,2,4,4,4,4,0,0,0,4,7,0,Generic,1
71861,4e-06,udp,-,INT,2,0,1064,0,250000.0006,254,0,1064000000.0,0.0,0,0,0.004,0.0,0.0,0.0,0,0,0,0,0.0,0.0,0.0,532,0,0,0,26,2,16,16,2,26,0,0,0,16,26,0,Normal,0
26917,0.018675,tcp,-,FIN,16,18,1540,1644,1767.068323,31,29,618581.0,665274.4375,4,4,1.2242,1.070882,74.176959,2.183601,255,2677605637,536907215,255,0.000584,0.000463,0.000121,96,91,0,0,14,0,8,6,1,7,0,0,0,11,9,0,Normal,0
34946,0.020987,tcp,-,FIN,48,50,2958,32368,4621.908731,31,29,1104302.625,12091676.0,7,18,0.439787,0.415408,25.344627,24.818397,255,1701394858,1701728265,255,0.000755,0.000621,0.000134,62,647,0,0,13,0,3,1,1,3,0,0,0,13,12,0,Normal,0
52354,12.138748,tcp,-,FIN,272,54,338192,2484,26.773766,254,252,222065.0781,1606.755493,132,4,44.789473,227.849297,13903.71632,1010.735125,255,469746461,3125499063,255,0.119583,0.062732,0.056851,1243,46,0,0,1,1,1,1,1,1,0,0,0,1,1,0,Fuzzers,1
81847,2.376659,tcp,-,CON,6,2,998,86,2.945311,62,252,2800.570068,144.741013,2,1,475.3318,0.006,26872.07098,0.0,255,976980468,456188582,255,1.815796,1.135326,0.68047,166,43,0,0,2,3,2,1,1,2,0,0,0,2,2,0,Normal,0
77207,0.743328,tcp,-,FIN,14,12,3338,678,33.632529,254,252,33363.46875,6694.21875,3,3,7094.719357,8273.0245,833150.5976,27239.494,255,2314179686,1387411187,255,0.099148,0.04787,0.051278,238,57,0,0,6,1,3,3,2,6,0,0,0,3,6,0,Normal,0
72907,2.376219,tcp,-,FIN,10,8,994,354,7.154223,254,252,3013.190186,1043.674805,2,1,256.879556,323.295563,16075.21408,474.339625,255,3759053119,4261053344,255,0.236914,0.113149,0.123765,99,44,0,0,4,1,3,2,2,2,0,0,0,3,3,0,Normal,0
39185,0.004963,tcp,-,FIN,18,18,4560,2456,7052.186406,31,29,6942575.5,3739673.75,7,7,0.272941,0.261471,13.576757,0.343244,255,321791367,2470453182,255,0.000651,0.000514,0.000137,253,136,0,0,3,0,8,1,1,3,0,0,0,3,8,0,Normal,0
35727,1.006861,tcp,http,FIN,14,18,1684,10168,30.788759,31,29,12426.74023,76308.45313,3,5,77.42369,59.197588,8764.674834,7673.954413,255,2094175924,4240571300,255,0.000637,0.000499,0.000138,120,565,1,3924,1,0,2,1,1,1,0,0,1,3,1,0,Normal,0
70630,0.443821,tcp,-,FIN,10,6,534,268,33.797408,254,252,8670.162109,4037.663818,2,1,49.313444,73.002797,2380.221909,128.260344,255,3076177316,161806474,255,0.100116,0.057304,0.042812,53,45,0,0,5,1,3,3,3,4,0,0,0,4,4,0,Normal,0
63012,1e-06,udp,-,INT,2,0,224,0,1000000.003,254,0,896000000.0,0.0,0,0,0.001,0.0,0.0,0.0,0,0,0,0,0.0,0.0,0.0,112,0,0,0,15,2,4,4,1,4,0,0,0,4,12,0,Fuzzers,1
55575,1.1e-05,udp,-,INT,2,0,324,0,90909.0902,254,0,117818184.0,0.0,0,0,0.011,0.0,0.0,0.0,0,0,0,0,0.0,0.0,0.0,162,0,0,0,2,2,2,2,1,2,0,0,0,2,2,0,Fuzzers,1
34087,0.001806,udp,-,CON,4,4,520,304,3875.968961,31,29,1727574.75,1009966.75,0,0,0.458333,0.234,0.640404,0.32245,0,0,0,0,0.0,0.0,0.0,130,76,0,0,8,0,4,1,1,3,0,0,0,4,4,0,Normal,0
38845,0.114232,tcp,-,FIN,84,84,4862,79778,1461.937063,31,29,336508.1563,5520624.5,7,36,1.371241,1.370145,89.019243,82.452996,255,1850585760,4009971279,255,0.001062,0.000506,0.000556,58,950,0,0,17,0,3,1,1,1,0,0,0,6,6,0,Normal,0
84,2.462774,tcp,-,FIN,10,8,2516,354,6.902785,254,252,7357.556641,1006.994507,2,1,273.641556,328.576719,17425.54618,481.345844,255,3840327893,3548556327,255,0.2792,0.162075,0.117125,252,44,0,0,18,1,1,1,1,1,0,0,0,10,1,0,Normal,0
66442,2.945057,tcp,-,REQ,4,0,180,0,1.018656,254,0,366.716187,0.0,3,0,981.685687,0.0,1388.309625,0.0,255,0,0,0,0.0,0.0,0.0,45,0,0,0,20,6,19,1,1,19,0,0,0,20,19,0,Normal,0
50347,7e-06,udp,-,INT,2,0,1836,0,142857.1409,254,0,1049142848.0,0.0,0,0,0.007,0.0,0.0,0.0,0,0,0,0,0.0,0.0,0.0,918,0,0,0,11,2,4,4,1,4,0,0,0,5,11,0,Fuzzers,1
59669,4e-06,udp,dns,INT,2,0,114,0,250000.0006,254,0,114000000.0,0.0,0,0,0.004,0.0,0.0,0.0,0,0,0,0,0.0,0.0,0.0,57,0,0,0,10,2,3,3,3,3,0,0,0,5,10,0,Generic,1
41012,1.787092,tcp,-,CON,6,2,998,86,3.916978,62,252,3724.486572,192.491486,2,1,357.4184,0.007,21588.66194,0.0,255,3075914136,2040143907,255,1.499406,0.16452,1.334886,166,43,0,0,1,3,1,1,1,1,0,0,0,1,1,0,Normal,0
70229,0.681745,tcp,-,FIN,10,6,534,268,22.002362,254,252,5644.339355,2628.548828,2,1,75.749444,123.092602,3947.69173,209.174094,255,3451364343,2969631906,255,0.203654,0.065684,0.13797,53,45,0,0,4,1,1,1,1,2,0,0,0,2,3,0,Normal,0
13278,8e-06,udp,dns,INT,2,0,114,0,125000.0003,254,0,57000000.0,0.0,0,0,0.008,0.0,0.0,0.0,0,0,0,0,0.0,0.0,0.0,57,0,0,0,23,2,5,5,5,23,0,0,0,5,23,0,Generic,1
55793,3e-06,udp,dns,INT,2,0,114,0,333333.3215,254,0,152000000.0,0.0,0,0,0.003,0.0,0.0,0.0,0,0,0,0,0.0,0.0,0.0,57,0,0,0,11,2,3,3,3,3,0,0,0,3,11,0,Generic,1
32246,0.001093,udp,dns,CON,2,2,146,178,2744.739106,31,29,534309.1875,651418.0625,0,0,0.011,0.009,0.0,0.0,0,0,0,0,0.0,0.0,0.0,73,89,0,0,2,0,3,1,1,1,0,0,0,1,2,0,Normal,0
11103,0.871861,tcp,-,FIN,10,8,564,354,19.498521,254,252,4661.293457,2844.490234,2,1,92.692889,113.574,6289.847458,146.093391,255,2930553906,1130154890,255,0.137038,0.076824,0.060214,56,44,0,0,3,1,1,1,1,1,0,0,0,1,1,0,Reconnaissance,1
18943,8e-06,udp,dns,INT,2,0,114,0,125000.0003,254,0,57000000.0,0.0,0,0,0.008,0.0,0.0,0.0,0,0,0,0,0.0,0.0,0.0,57,0,0,0,34,2,16,16,16,34,0,0,0,16,34,0,Generic,1
8469,5e-06,udp,-,INT,2,0,168,0,200000.0051,254,0,134400000.0,0.0,0,0,0.005,0.0,0.0,0.0,0,0,0,0,0.0,0.0,0.0,84,0,0,0,1,2,1,1,1,25,0,0,0,1,1,0,Reconnaissance,1
32652,4.029813,tcp,-,FIN,122,126,7816,16782,61.29317,31,29,15389.30078,33051.66016,30,32,33.301304,32.234512,2058.175691,2025.932393,255,639080153,680877496,255,0.000645,0.000494,0.000151,64,133,0,0,2,0,4,1,1,1,0,0,0,1,9,0,Normal,0
58901,1.1e-05,udp,dns,INT,2,0,114,0,200000.0051,254,0,91200000.0,0.0,0,0,0.005,0.0,0.0,0.0,0,0,0,0,0.0,0.0,0.0,57,0,0,0,18,2,11,11,8,11,0,0,0,11,18,0,Generic,1
10633,0.700309,tcp,-,FIN,10,10,608,646,27.130882,254,252,6260.09375,6648.494141,2,3,77.812111,69.106664,4056.961381,91.175375,255,3006952032,3452495016,255,0.130295,0.077617,0.052678,61,65,0,0,4,1,1,1,1,2,0,0,0,2,2,0,Exploits,1
25441,0.275494,tcp,ftp-data,FIN,8,12,424,8824,68.967017,31,29,10773.37402,234894.4063,1,4,39.248999,24.996364,2416.919171,1906.759856,255,1499567716,4210157513,255,0.000661,0.00053,0.000131,53,735,0,0,4,0,2,1,1,1,0,0,0,4,3,0,Normal,0
36706,0.003474,tcp,-,CON,4,3,216,164,1727.115761,31,30,373057.0,253310.3125,1,1,0.318667,1.465,17.232831,1.463,255,3013121767,868015799,255,0.000942,0.000536,0.000406,54,55,0,0,7,0,5,1,1,2,0,0,0,5,6,0,Normal,0
1375,1e-05,udp,-,INT,2,0,1712,0,100000.0025,254,0,684800000.0,0.0,0,0,0.01,0.0,0.0,0.0,0,0,0,0,0.0,0.0,0.0,856,0,0,0,39,2,6,6,1,39,0,0,0,7,39,0,Fuzzers,1
67420,1.31562,tcp,-,FIN,60,14,68023,612,55.487149,254,252,406743.5938,3459.96582,27,1,22.282491,95.238461,2181.930772,116.426516,255,895488400,1355825762,255,0.143614,0.077514,0.0661,1134,44,0,0,3,1,1,1,1,2,0,0,0,1,2,0,Normal,0
68561,9e-06,udp,-,INT,2,0,968,0,111111.1072,254,0,430222208.0,0.0,0,0,0.009,0.0,0.0,0.0,0,0,0,0,0.0,0.0,0.0,484,0,0,0,3,2,1,1,1,2,0,0,0,20,2,0,Normal,0
77370,0.923392,tcp,-,FIN,16,12,918,642,29.240019,254,252,7459.453613,5102.924805,5,3,60.218801,80.17982,4256.761037,113.03993,255,2538284466,782208891,255,0.095507,0.04141,0.054097,57,54,0,0,5,1,1,1,1,4,0,0,0,1,4,0,Normal,0
20152,9e-06,udp,dns,INT,2,0,114,0,111111.1072,254,0,50666664.0,0.0,0,0,0.009,0.0,0.0,0.0,0,0,0,0,0.0,0.0,0.0,57,0,0,0,34,2,9,9,9,34,0,0,0,10,34,0,Generic,1
38329,0.183084,tcp,-,FIN,78,80,4550,71834,857.529895,31,29,196281.5,3099648.25,7,33,2.373208,2.311241,135.44996,134.312126,255,3747643804,1598296870,255,0.000608,0.000489,0.000119,58,898,0,0,2,0,3,1,1,1,0,0,0,2,2,0,Normal,0
36752,2.967747,tcp,-,FIN,238,438,13662,548216,227.445266,31,29,36674.28516,1474424.875,21,197,12.520839,6.790069,4799.106678,3534.590106,255,1188005982,3339726144,255,0.00061,0.000481,0.000129,57,1252,0,0,11,0,4,2,1,2,0,0,0,4,5,0,Normal,0
24994,0.00107,udp,dns,CON,2,2,146,178,2803.738322,31,29,545794.375,665420.5625,0,0,0.007,0.006,0.0,0.0,0,0,0,0,0.0,0.0,0.0,73,89,0,0,4,0,2,1,1,1,0,0,0,1,1,0,Normal,0
24545,0.0011,udp,-,CON,2,2,146,178,2727.272742,31,29,530909.125,647272.75,0,0,0.011,0.002,0.0,0.0,0,0,0,0,0.0,0.0,0.0,73,89,0,0,13,0,3,1,1,1,0,0,0,2,12,0,Normal,0
61287,1.2e-05,udp,dns,INT,2,0,114,0,83333.33039,254,0,38000000.0,0.0,0,0,0.012,0.0,0.0,0.0,0,0,0,0,0.0,0.0,0.0,57,0,0,0,7,2,3,3,3,3,0,0,0,4,7,0,Generic,1
62971,4e-06,udp,-,INT,2,0,210,0,250000.0006,254,0,210000000.0,0.0,0,0,0.004,0.0,0.0,0.0,0,0,0,0,0.0,0.0,0.0,105,0,0,0,15,2,5,5,1,5,0,0,0,6,12,0,Fuzzers,1
29164,0.001068,udp,dns,CON,2,2,146,178,2808.988808,31,29,546816.5,666666.6875,0,0,0.011,0.029,0.0,0.0,0,0,0,0,0.0,0.0,0.0,73,89,0,0,1,0,3,1,1,1,0,0,0,1,1,0,Normal,0
43806,2.091766,tcp,-,FIN,12,10,994,848,10.039363,254,252,3487.96167,2921.932861,3,2,187.108088,221.946219,12527.77759,299.8855,255,2134422947,1420081113,255,0.200073,0.094239,0.105834,83,85,0,0,1,1,1,1,1,1,0,0,0,1,2,0,Fuzzers,1
24548,0.030847,tcp,-,FIN,122,126,7818,15172,8007.261657,31,29,2010957.25,3903653.5,30,32,0.252157,0.2408,15.920767,14.092099,255,752799671,753864203,255,0.000842,0.000742,0.0001,64,120,0,0,17,0,1,1,1,1,0,0,0,4,12,0,Normal,0
8752,8e-06,udp,-,INT,2,0,168,0,125000.0003,254,0,84000000.0,0.0,0,0,0.008,0.0,0.0,0.0,0,0,0,0,0.0,0.0,0.0,84,0,0,0,1,2,1,1,1,1,0,0,0,1,1,0,Reconnaissance,1
24455,0.034952,tcp,-,FIN,36,38,2334,16920,2088.578635,31,29,519569.6875,3770885.75,7,12,0.989886,0.930622,0.0,80.934225,255,272799356,2468795508,255,0.000642,0.000516,0.000126,65,445,0,0,6,0,3,1,1,1,0,0,0,2,14,0,Normal,0
2354,0.869355,tcp,ftp-data,FIN,8,8,364,1234,17.254171,62,252,2935.509521,9938.402344,1,2,124.02571,113.407711,8441.565764,220.016297,255,3866574743,1334720724,255,0.103524,0.075493,0.028031,46,154,0,0,1,1,2,1,1,2,0,0,0,2,1,0,Exploits,1
17072,4e-06,udp,dns,INT,2,0,114,0,250000.0006,254,0,114000000.0,0.0,0,0,0.004,0.0,0.0,0.0,0,0,0,0,0.0,0.0,0.0,57,0,0,0,39,2,11,11,11,39,0,0,0,12,39,0,Generic,1
74135,1.846211,tcp,http,FIN,10,10,792,1216,10.291348,62,252,3089.571045,4744.853027,2,2,205.134556,196.224328,13258.59415,310.068188,255,2380650806,2282256237,255,0.146224,0.07959,0.066634,79,122,1,162,3,1,1,1,1,2,0,0,1,1,2,0,Normal,0
62838,0.658457,tcp,-,FIN,10,6,2516,268,22.780531,254,252,27518.88281,2721.51416,2,1,70.890444,108.187203,3882.348592,167.648172,255,2636702414,1621873424,255,0.237095,0.117511,0.119584,252,45,0,0,13,1,1,1,1,1,0,0,0,4,1,0,Fuzzers,1
73652,12.658577,tcp,http,FIN,58,16,68117,698,5.766841,254,252,42306.80859,413.948578,26,1,222.080298,837.908875,35097.41944,1994.96475,255,3486831005,1994954605,255,0.173786,0.089197,0.084589,1174,44,1,0,1,1,1,1,1,1,0,0,1,1,1,0,Normal,0
68037,0.609675,tcp,-,FIN,10,6,546,268,24.603273,254,252,6455.898926,2939.270996,2,1,60.882444,100.553398,3421.767085,134.777875,255,3141383257,3126818346,255,0.182107,0.106899,0.075208,55,45,0,0,2,1,1,1,1,3,0,0,0,1,3,0,Normal,0
38455,0.050206,tcp,-,FIN,46,48,2854,30622,1852.368175,31,29,444887.0625,4777915.0,7,17,1.107044,1.046617,69.604651,67.199895,255,3531502625,1394271244,255,0.001212,0.00101,0.000202,62,638,0,0,7,0,3,1,1,2,0,0,0,2,3,0,Normal,0
81939,0.848082,tcp,-,FIN,10,8,534,354,20.045231,254,252,4537.296875,2924.245605,2,1,88.426333,110.977,5566.128845,176.772516,255,556285251,2194912468,255,0.119902,0.071239,0.048663,53,44,0,0,1,1,1,1,1,1,0,0,0,2,1,0,Normal,0
64809,4e-06,udp,dns,INT,2,0,114,0,250000.0006,254,0,114000000.0,0.0,0,0,0.004,0.0,0.0,0.0,0,0,0,0,0.0,0.0,0.0,57,0,0,0,7,2,4,4,4,4,0,0,0,5,7,0,Generic,1
34891,0.262652,tcp,-,FIN,16,18,1540,1644,125.641529,31,29,43982.14844,47302.13281,4,4,17.486067,15.422117,1076.678588,28.55134,255,1541665478,3740104547,255,0.000602,0.000468,0.000134,96,91,0,0,10,0,10,5,1,5,0,0,0,7,14,0,Normal,0
18416,1e-05,udp,dns,INT,2,0,114,0,100000.0025,254,0,45600000.0,0.0,0,0,0.01,0.0,0.0,0.0,0,0,0,0,0.0,0.0,0.0,57,0,0,0,28,2,17,17,17,28,0,0,0,17,28,0,Generic,1
21051,9e-06,udp,dns,INT,2,0,114,0,111111.1072,254,0,50666664.0,0.0,0,0,0.009,0.0,0.0,0.0,0,0,0,0,0.0,0.0,0.0,57,0,0,0,41,2,25,25,25,41,0,0,0,25,41,0,Generic,1
78941,3.004771,tcp,-,FIN,16,16,1372,1398,10.316926,254,252,3426.550537,3490.448975,4,5,200.24494,194.554531,11978.1763,11870.53318,255,4173512688,67758573,255,0.17312,0.086452,0.086668,86,87,0,0,9,1,1,3,1,2,0,0,0,3,2,0,Normal,0
57372,1.193826,tcp,ftp,FIN,14,12,810,682,20.941076,254,252,5045.961426,4194.916504,4,4,89.498151,100.292547,4638.974768,128.253492,255,3858049365,3574338041,255,0.1672,0.090597,0.076603,58,57,0,0,2,1,1,1,1,1,0,0,0,1,2,0,Fuzzers,1
34947,0.521601,tcp,ftp,FIN,52,54,2934,3742,201.303287,31,29,44141.01953,56334.24609,11,15,10.221098,9.830773,1089.6251,42.275031,255,2991688921,2996930988,255,0.000703,0.000565,0.000138,56,69,0,0,1,0,4,1,1,2,1,1,0,9,1,0,Normal,0
29174,0.001126,udp,dns,CON,2,2,146,178,2664.298498,31,29,518650.0938,632326.8125,0,0,0.011,0.009,0.0,0.0,0,0,0,0,0.0,0.0,0.0,73,89,0,0,3,0,1,1,1,1,0,0,0,7,2,0,Normal,0
38410,0.005485,tcp,-,FIN,24,20,2158,1918,7839.562316,31,29,3017684.5,2658887.75,6,5,0.238478,0.255263,14.213004,16.187337,255,2482088074,2482325204,255,0.000987,0.000499,0.000488,90,96,0,0,13,0,3,1,1,1,0,0,0,9,4,0,Normal,0
11344,0.319194,tcp,ftp,FIN,12,12,704,652,72.056495,254,252,16190.78125,14987.75098,3,4,29.017636,28.196273,1459.087493,36.633934,255,1199612774,592217443,255,0.037037,0.008412,0.028625,59,54,0,0,1,1,1,1,1,1,0,0,0,1,1,0,Exploits,1
14447,3e-06,udp,dns,INT,2,0,114,0,333333.3215,254,0,152000000.0,0.0,0,0,0.003,0.0,0.0,0.0,0,0,0,0,0.0,0.0,0.0,57,0,0,0,42,2,32,32,19,42,0,0,0,32,42,0,Generic,1
56715,3e-06,vrrp,-,INT,2,0,200,0,125000.0003,254,0,100000000.0,0.0,0,0,0.008,0.0,0.0,0.0,0,0,0,0,0.0,0.0,0.0,100,0,0,0,14,2,4,4,4,4,0,0,0,7,13,0,Fuzzers,1
70001,0.549892,tcp,-,CON,6,2,1012,86,12.729772,62,252,12278.77441,625.577393,2,1,109.9784,0.002,5772.068593,0.0,255,8802468,2026348612,255,0.362869,0.308579,0.05429,169,43,0,0,2,3,1,1,1,2,0,0,0,1,2,0,Normal,0
17663,8e-06,udp,dns,INT,2,0,114,0,125000.0003,254,0,57000000.0,0.0,0,0,0.008,0.0,0.0,0.0,0,0,0,0,0.0,0.0,0.0,57,0,0,0,16,2,16,16,8,16,0,0,0,16,16,0,Generic,1
5409,6e-06,unas,-,INT,2,0,200,0,166666.6608,254,0,133333328.0,0.0,0,0,0.006,0.0,0.0,0.0,0,0,0,0,0.0,0.0,0.0,100,0,0,0,5,2,1,1,1,5,0,0,0,15,5,0,Exploits,1
64305,0.342772,tcp,-,FIN,12,8,2030,762,55.430431,254,252,43434.11719,15567.19922,3,2,29.620454,41.406285,1532.176449,54.762176,255,3713822508,3423475289,255,0.091037,0.052925,0.038112,169,95,0,0,7,1,2,2,1,2,0,0,0,2,7,0,Fuzzers,1
10280,0.88139,tcp,-,FIN,10,10,608,646,21.55686,254,252,4973.961914,5282.56543,2,3,97.932222,88.276336,5327.711188,134.167656,255,1859724270,2515269292,255,0.182519,0.072056,0.110463,61,65,0,0,3,1,1,1,1,2,0,0,0,3,2,0,Exploits,1
79302,1.103149,tcp,-,FIN,12,8,1110,720,17.22342,254,252,7382.501953,4568.73877,3,2,97.289366,149.894281,5528.883075,221.388922,255,430827254,156472389,255,0.152585,0.053888,0.098697,93,90,0,0,3,1,1,1,1,2,0,0,0,1,2,0,Normal,0
73985,0.558553,tcp,-,FIN,10,8,646,354,30.435788,254,252,8335.825195,4440.044434,2,1,58.856556,69.628289,3997.791917,117.202922,255,459895267,2499854040,255,0.116144,0.071146,0.044998,65,44,0,0,3,1,17,1,1,3,0,0,0,1,3,0,Normal,0
28932,0.013969,tcp,-,FIN,44,46,2766,24004,6371.250431,31,29,1548571.75,13448636.0,7,16,0.317279,0.298533,19.701787,19.428118,255,3857945345,3859422339,255,0.000665,0.000532,0.000133,63,522,0,0,8,0,4,1,1,1,0,0,0,2,5,0,Normal,0
1358,0.756327,tcp,-,FIN,10,8,564,354,22.477051,254,252,5373.337402,3279.005127,2,1,81.904222,101.46357,6173.134322,143.617453,255,350578347,603067314,255,0.061882,0.046077,0.015805,56,44,0,0,6,1,2,1,1,8,0,0,0,2,6,0,Reconnaissance,1
3348,5e-06,smp,-,INT,2,0,200,0,200000.0051,254,0,160000000.0,0.0,0,0,0.005,0.0,0.0,0.0,0,0,0,0,0.0,0.0,0.0,100,0,0,0,5,2,1,1,1,5,0,0,0,6,5,0,Exploits,1
53131,4e-06,srp,-,INT,2,0,200,0,250000.0006,254,0,200000000.0,0.0,0,0,0.004,0.0,0.0,0.0,0,0,0,0,0.0,0.0,0.0,100,0,0,0,14,2,4,4,4,4,0,0,0,11,14,0,Fuzzers,1
14208,3e-06,udp,dns,INT,2,0,114,0,333333.3215,254,0,152000000.0,0.0,0,0,0.003,0.0,0.0,0.0,0,0,0,0,0.0,0.0,0.0,57,0,0,0,31,2,13,13,13,31,0,0,0,13,31,0,Generic,1
17952,8e-06,udp,dns,INT,2,0,114,0,125000.0003,254,0,57000000.0,0.0,0,0,0.008,0.0,0.0,0.0,0,0,0,0,0.0,0.0,0.0,57,0,0,0,24,2,19,18,18,26,0,0,0,19,24,0,Generic,1
21304,9e-06,udp,dns,INT,2,0,114,0,111111.1072,254,0,50666664.0,0.0,0,0,0.009,0.0,0.0,0.0,0,0,0,0,0.0,0.0,0.0,57,0,0,0,26,2,18,18,18,26,0,0,0,18,26,0,Generic,1
60540,0.714658,tcp,-,FIN,10,8,564,354,23.787601,254,252,5686.635742,3470.191162,2,1,79.201667,99.203289,5752.407027,141.666641,255,1819867621,3734803951,255,0.03534,0.020231,0.015109,56,44,0,0,1,1,1,1,1,1,0,0,0,1,2,0,Reconnaissance,1
7299,8e-06,cpnx,-,INT,2,0,200,0,125000.0003,254,0,100000000.0,0.0,0,0,0.008,0.0,0.0,0.0,0,0,0,0,0.0,0.0,0.0,100,0,0,0,6,2,2,2,2,7,0,0,0,10,6,0,DoS,1
43497,1e-05,udp,-,INT,2,0,78,0,100000.0025,254,0,31200000.0,0.0,0,0,0.01,0.0,0.0,0.0,0,0,0,0,0.0,0.0,0.0,39,0,0,0,21,2,4,4,1,21,0,0,0,4,21,0,Normal,0
70986,0.301569,tcp,-,FIN,10,6,518,268,49.739858,254,252,12388.54102,5942.254883,2,1,30.588667,47.208199,1653.030731,64.376996,255,3113611604,3577256272,255,0.131417,0.065518,0.065899,52,45,0,0,4,1,1,1,1,4,0,0,0,19,4,0,Normal,0
25173,0.298818,tcp,smtp,FIN,52,42,37310,3380,311.226239,31,29,979673.25,88348.09375,18,8,5.852275,7.274341,605.668671,20.218758,255,4198296427,2049747393,255,0.000747,0.000562,0.000185,718,80,0,0,2,0,1,1,1,1,0,0,0,3,1,0,Normal,0
77433,1e-05,udp,-,INT,2,0,1066,0,100000.0025,254,0,426400000.0,0.0,0,0,0.01,0.0,0.0,0.0,0,0,0,0,0.0,0.0,0.0,533,0,0,0,39,2,10,10,1,37,0,0,0,10,37,0,Normal,0
45141,0.898335,tcp,-,FIN,10,8,858,354,18.923899,254,252,6883.846191,2760.662842,2,1,90.040222,114.831859,4963.867463,212.351141,255,1124919355,3281265734,255,0.155463,0.094502,0.060961,86,44,0,0,6,1,4,3,3,3,0,0,0,3,6,0,Fuzzers,1
39275,0.000999,udp,dns,CON,2,2,132,164,3003.002883,31,29,528528.5,656656.625,0,0,0.012,0.007,0.0,0.0,0,0,0,0,0.0,0.0,0.0,66,82,0,0,4,0,6,2,1,6,0,0,0,10,4,0,Normal,0
13012,8e-06,udp,dns,INT,2,0,114,0,125000.0003,254,0,57000000.0,0.0,0,0,0.008,0.0,0.0,0.0,0,0,0,0,0.0,0.0,0.0,57,0,0,0,21,2,18,18,18,21,0,0,0,19,21,0,Generic,1
8790,0.92449,tcp,-,FIN,10,10,608,646,20.551872,254,252,4742.074219,5036.290527,1,4,7451.5429,7453.957,735893.1883,22081.702,255,2419238425,2996094669,255,0.190728,0.109768,0.08096,61,65,0,0,5,1,2,2,2,3,0,0,0,3,4,0,Exploits,1
66544,0.531962,tcp,-,FIN,10,6,526,268,28.197504,254,252,7128.329102,3368.661865,2,1,58.954,90.427797,2982.363316,144.572516,255,3756280737,102361392,255,0.181342,0.079822,0.10152,53,45,0,0,4,1,4,2,1,4,0,0,0,2,7,0,Normal,0
74742,9e-06,tcp,-,REQ,2,0,90,0,111111.1072,254,0,40000000.0,0.0,1,0,0.009,0.0,0.0,0.0,255,0,0,0,0.0,0.0,0.0,45,0,0,0,7,6,3,1,1,22,0,0,0,5,4,0,Normal,0
64182,1.900068,tcp,-,FIN,8,8,364,1258,7.894454,62,252,1343.109741,4635.623535,1,2,271.438295,251.753719,19284.57547,559.50075,255,3434712357,3246167936,255,0.24637,0.137296,0.109074,46,157,0,0,2,1,2,1,1,2,0,0,0,2,3,0,Exploits,1
81682,0.201635,tcp,-,CON,6,2,998,86,34.716195,62,252,33010.14063,1706.052979,2,1,40.327,0.009,2410.813068,0.0,255,2660825232,237850161,255,0.166918,0.078,0.088918,166,43,0,0,6,3,2,2,1,6,0,0,0,2,6,0,Normal,0
22064,9e-06,udp,dns,INT,2,0,114,0,111111.1072,254,0,50666664.0,0.0,0,0,0.009,0.0,0.0,0.0,0,0,0,0,0.0,0.0,0.0,57,0,0,0,31,2,25,25,25,31,0,0,0,28,31,0,Generic,1
1948,9e-06,udp,-,INT,2,0,168,0,111111.1072,254,0,74666664.0,0.0,0,0,0.009,0.0,0.0,0.0,0,0,0,0,0.0,0.0,0.0,84,0,0,0,2,2,1,1,1,1,0,0,0,1,2,0,Reconnaissance,1
27893,0.224975,tcp,-,FIN,96,98,5486,92746,857.873079,31,29,193052.5625,3264362.75,7,42,2.364716,2.313598,148.102458,146.378386,255,2225423088,89947740,255,0.000682,0.000552,0.00013,57,946,0,0,7,0,2,1,1,1,0,0,0,2,8,0,Normal,0
46652,0.303676,tcp,-,FIN,12,8,716,468,62.566681,254,252,17307.91992,10800.98535,3,2,26.611364,42.331285,1413.963773,60.265773,255,3498903188,2368167730,255,0.052709,0.007346,0.045363,60,59,0,0,1,1,1,1,1,1,0,0,0,1,1,0,DoS,1
69743,50.085266,tcp,-,CON,12,4,2024,172,0.299489,62,252,296.454437,20.604862,5,3,4553.205634,16553.491,470576.0703,23410.162,255,2338683131,2079494287,255,0.285971,0.182115,0.103856,169,43,0,0,5,3,2,2,2,4,0,0,0,2,4,0,Normal,0
36371,0.001182,udp,dns,CON,2,2,146,178,2538.070988,31,29,494077.8125,602368.875,0,0,0.01,0.009,0.0,0.0,0,0,0,0,0.0,0.0,0.0,73,89,0,0,4,0,1,1,1,1,0,0,0,2,2,0,Normal,0
75658,0.0,arp,-,INT,1,0,46,0,0.0,0,0,0.0,0.0,0,0,60000.676,0.0,0.0,0.0,0,0,0,0,0.0,0.0,0.0,46,0,0,0,1,2,1,1,1,1,0,0,0,1,1,1,Normal,0
50504,1.126288,tcp,-,FIN,12,8,994,730,16.869574,254,252,6477.916504,4538.803223,3,2,91.117821,140.430141,4646.28036,162.790969,255,1978867292,1887701136,255,0.204128,0.143273,0.060855,83,91,0,0,2,1,1,1,1,1,0,0,0,1,2,0,Fuzzers,1
10629,0.908356,tcp,-,FIN,10,10,608,646,20.916909,254,252,4826.301758,5125.743652,2,3,100.928444,90.370219,5858.078278,153.728906,255,4076726640,4057632607,255,0.167686,0.081798,0.085888,61,65,0,0,6,1,1,1,1,3,0,0,0,2,3,0,Exploits,1
10045,0.434787,tcp,http,FIN,10,12,816,8148,48.299512,62,252,13523.86328,137428.2031,2,4,48.309667,30.968909,2651.01791,2161.122787,255,1958732791,2955779644,255,0.129923,0.093528,0.036395,82,679,1,0,2,1,2,2,2,2,0,0,4,10,2,0,Exploits,1
66829,0.456294,tcp,-,FIN,10,6,678,268,32.873542,254,252,10712.3916,3927.29248,2,1,48.636222,75.067797,2440.735803,110.341742,255,3443119253,4188721519,255,0.140204,0.080952,0.059252,68,45,0,0,4,1,1,1,1,4,0,0,0,1,4,0,Normal,0
45592,1.1e-05,udp,-,INT,2,0,1930,0,90909.0902,254,0,701818176.0,0.0,0,0,0.011,0.0,0.0,0.0,0,0,0,0,0.0,0.0,0.0,965,0,0,0,29,2,10,10,1,10,0,0,0,10,29,0,Fuzzers,1
59056,0.881619,tcp,-,FIN,10,6,2516,268,17.014153,254,252,20553.0957,2032.624146,2,1,96.590889,149.721,5809.549776,273.146469,255,783932646,2232885344,255,0.237725,0.133005,0.10472,252,45,0,0,4,1,1,1,1,1,0,0,0,2,3,0,Fuzzers,1
42639,4e-06,udp,-,INT,2,0,1064,0,250000.0006,254,0,1064000000.0,0.0,0,0,0.004,0.0,0.0,0.0,0,0,0,0,0.0,0.0,0.0,532,0,0,0,6,2,1,1,1,6,0,0,0,1,6,0,Normal,0
46905,0.680223,tcp,-,FIN,10,6,628,268,22.051592,254,252,6656.640625,2634.430176,2,1,75.526556,97.240797,3709.255401,136.313953,255,2278231121,2681067214,255,0.232264,0.194013,0.038251,63,45,0,0,11,1,2,2,1,2,0,0,0,3,4,0,Fuzzers,1
62058,0.556217,tcp,-,FIN,22,10,17778,806,55.733642,254,252,244077.3906,10441.96777,8,2,25.835334,54.532332,1926.227979,84.771539,255,1889057083,2394052370,255,0.118084,0.065419,0.052665,808,81,0,0,4,1,2,2,1,2,0,0,0,2,4,0,Fuzzers,1
76444,0.409785,tcp,-,FIN,10,6,534,268,36.604561,254,252,9390.290039,4373.024902,2,1,42.560778,62.951199,2247.117661,98.742141,255,1144392809,2232021671,255,0.141636,0.095022,0.046614,53,45,0,0,5,1,2,2,1,5,0,0,0,2,5,0,Normal,0
36316,0.099821,tcp,-,FIN,64,66,3806,52014,1292.313224,31,29,300297.5313,4105428.75,7,26,1.579508,1.527477,88.105693,84.898022,255,3033386654,3100322521,255,0.000679,0.00053,0.000149,59,788,0,0,6,0,2,1,1,1,0,0,0,4,6,0,Normal,0
7769,8e-06,unas,-,INT,2,0,200,0,125000.0003,254,0,100000000.0,0.0,0,0,0.008,0.0,0.0,0.0,0,0,0,0,0.0,0.0,0.0,100,0,0,0,7,2,3,3,3,7,0,0,0,12,7,0,DoS,1
31997,0.36866,tcp,-,FIN,28,30,4192,3080,154.614006,31,29,87733.95313,64623.23047,7,7,13.640629,12.695448,702.945784,17.211371,255,2682580759,2875664327,255,0.000629,0.000488,0.000141,150,103,0,0,5,0,6,1,1,2,0,0,0,3,6,0,Normal,0
15634,9e-06,udp,dns,INT,2,0,114,0,111111.1072,254,0,50666664.0,0.0,0,0,0.009,0.0,0.0,0.0,0,0,0,0,0.0,0.0,0.0,57,0,0,0,37,2,37,37,22,37,0,0,0,37,37,0,Generic,1
17133,8e-06,udp,dns,INT,2,0,114,0,125000.0003,254,0,57000000.0,0.0,0,0,0.008,0.0,0.0,0.0,0,0,0,0,0.0,0.0,0.0,57,0,0,0,10,2,12,10,10,14,0,0,0,12,10,0,Generic,1
68777,3e-06,udp,-,INT,2,0,104,0,333333.3215,254,0,138666656.0,0.0,0,0,0.003,0.0,0.0,0.0,0,0,0,0,0.0,0.0,0.0,52,0,0,0,4,2,1,1,1,4,0,0,0,1,4,0,Normal,0
49817,7e-06,ax.25,-,INT,2,0,200,0,142857.1409,254,0,114285712.0,0.0,0,0,0.007,0.0,0.0,0.0,0,0,0,0,0.0,0.0,0.0,100,0,0,0,8,2,4,4,4,4,0,0,0,4,9,0,DoS,1
18380,2e-06,udp,dns,INT,2,0,114,0,500000.0013,254,0,228000000.0,0.0,0,0,0.002,0.0,0.0,0.0,0,0,0,0,0.0,0.0,0.0,57,0,0,0,36,2,36,36,21,36,0,0,0,37,36,0,Generic,1
73383,1.389044,tcp,-,FIN,10,6,772,268,10.798794,254,252,4002.75293,1290.095825,2,1,154.338222,255.285203,8983.898599,459.882187,255,3765052330,3573149560,255,0.209737,0.112166,0.097571,77,45,0,0,1,1,1,1,1,1,0,0,0,1,1,0,Normal,0
55373,3e-06,fire,-,INT,2,0,200,0,142857.1409,254,0,114285712.0,0.0,0,0,0.007,0.0,0.0,0.0,0,0,0,0,0.0,0.0,0.0,100,0,0,0,13,2,7,6,6,7,0,0,0,10,11,0,Exploits,1
45593,0.634133,tcp,-,FIN,10,6,588,268,23.654345,254,252,6686.294922,2825.905762,2,1,62.881444,109.736,3319.851347,155.443406,255,2070536096,2788986392,255,0.162262,0.085451,0.076811,59,45,0,0,4,1,1,1,1,1,0,0,0,2,3,0,Fuzzers,1
14200,3e-06,udp,dns,INT,2,0,114,0,333333.3215,254,0,152000000.0,0.0,0,0,0.003,0.0,0.0,0.0,0,0,0,0,0.0,0.0,0.0,57,0,0,0,36,2,36,36,16,36,0,0,0,36,36,0,Generic,1
69675,9e-06,udp,-,INT,2,0,208,0,111111.1072,254,0,92444440.0,0.0,0,0,0.009,0.0,0.0,0.0,0,0,0,0,0.0,0.0,0.0,104,0,0,0,4,2,2,2,1,4,0,0,0,12,4,0,Normal,0
81834,0.27674,tcp,-,CON,6,2,998,86,25.294499,62,252,24051.45508,1243.043945,2,1,55.348,0.009,2795.303507,0.0,255,2152671174,3748686541,255,0.158295,0.101948,0.056347,166,43,0,0,3,3,1,1,1,3,0,0,0,1,3,0,Normal,0
7982,7e-06,unas,-,INT,2,0,200,0,142857.1409,254,0,114285712.0,0.0,0,0,0.007,0.0,0.0,0.0,0,0,0,0,0.0,0.0,0.0,100,0,0,0,9,2,4,4,4,9,0,0,0,13,9,0,Exploits,1
42059,0.0,arp,-,INT,1,0,46,0,0.0,0,0,0.0,0.0,0,0,60000.476,0.0,0.0,0.0,0,0,0,0,0.0,0.0,0.0,46,0,0,0,1,2,1,1,1,1,0,0,0,1,1,1,Normal,0
248,9e-06,sctp,-,INT,2,0,104,0,111111.1072,254,0,46222220.0,0.0,0,0,0.009,0.0,0.0,0.0,0,0,0,0,0.0,0.0,0.0,52,0,0,0,1,2,2,1,1,2,0,0,0,1,1,0,Exploits,1
69796,0.211638,tcp,-,CON,6,2,1012,86,33.075345,62,252,31903.5332,1625.416992,2,1,42.3276,0.008,2728.970091,0.0,255,1260632887,1943977185,255,0.191981,0.142776,0.049205,169,43,0,0,5,3,3,3,1,5,0,0,0,3,5,0,Normal,0
50840,1.118774,tcp,-,FIN,10,10,608,646,16.982875,254,252,3918.574951,4161.698242,2,3,124.308222,116.135445,8069.270885,223.261297,255,2550703936,1651061210,255,0.132274,0.072441,0.059833,61,65,0,0,3,1,2,2,2,2,0,0,0,2,7,0,Exploits,1
31208,0.001044,udp,dns,CON,2,2,146,178,2873.563127,31,29,559386.9375,681992.3125,0,0,0.01,0.009,0.0,0.0,0,0,0,0,0.0,0.0,0.0,73,89,0,0,3,0,1,2,1,1,0,0,0,3,1,0,Normal,0
20981,1e-06,udp,dns,INT,2,0,114,0,1000000.003,254,0,456000000.0,0.0,0,0,0.001,0.0,0.0,0.0,0,0,0,0,0.0,0.0,0.0,57,0,0,0,31,2,14,14,14,31,0,0,0,15,31,0,Generic,1
73264,4e-06,udp,-,INT,2,0,1064,0,250000.0006,254,0,1064000000.0,0.0,0,0,0.004,0.0,0.0,0.0,0,0,0,0,0.0,0.0,0.0,532,0,0,0,2,2,2,1,1,1,0,0,0,1,3,0,Normal,0
67076,1.875378,tcp,-,FIN,10,8,928,354,9.064839,254,252,3566.214355,1322.400024,2,1,202.480333,259.963422,12618.96802,451.96525,255,452872071,3083420072,255,0.126037,0.05563,0.070407,93,44,0,0,3,1,1,1,1,1,0,0,0,3,1,0,Normal,0
36370,0.016601,tcp,-,FIN,46,48,2854,30622,5602.072171,31,29,1345461.125,14449732.0,7,17,0.360978,0.341915,0.0,19.555248,255,3248790411,1110316339,255,0.000682,0.000527,0.000155,62,638,0,0,8,0,3,1,1,1,0,0,0,3,6,0,Normal,0
81165,0.548035,tcp,http,FIN,10,8,834,1340,31.019915,62,252,10962.80273,17122.99414,2,2,60.892778,66.241141,3029.982057,110.176273,255,4144216104,1483240476,255,0.155904,0.083624,0.07228,83,168,1,263,4,1,1,1,1,4,0,0,1,1,4,0,Normal,0
50472,0.870539,tcp,-,FIN,10,8,564,354,19.528131,254,252,4668.37207,2848.809814,2,1,96.726556,115.47543,6332.732806,191.413984,255,2650727515,3025357881,255,0.298789,0.041035,0.257754,56,44,0,0,1,1,1,1,1,1,0,0,0,1,2,0,Reconnaissance,1
77976,0.460635,tcp,-,FIN,10,6,652,268,32.563743,254,252,10194.62207,3890.281738,2,1,44.985444,78.557203,2493.315326,115.689937,255,1769686007,2988139128,255,0.136319,0.06784,0.068479,65,45,0,0,6,1,4,3,2,7,0,0,0,3,6,0,Normal,0
55615,13.714951,tcp,-,FIN,8,6,364,268,0.947871,62,252,186.07431,130.660339,1,1,1959.258357,2729.9745,161569.7783,5420.989,255,1083019252,2103956775,255,0.118589,0.065075,0.053514,46,45,0,0,2,1,6,3,1,6,0,0,0,6,2,0,Generic,1
28506,0.018312,tcp,-,FIN,16,18,1540,1644,1802.097011,31,29,630843.1875,678462.25,4,4,1.200067,1.050059,73.829836,2.007544,255,1875847787,1881699415,255,0.000578,0.000457,0.000121,96,91,0,0,19,0,8,12,1,8,0,0,0,18,23,0,Normal,0
62859,7e-06,udp,dns,INT,2,0,114,0,142857.1409,254,0,65142856.0,0.0,0,0,0.007,0.0,0.0,0.0,0,0,0,0,0.0,0.0,0.0,57,0,0,0,18,2,3,3,3,3,0,0,0,3,18,0,Generic,1
51868,1.1e-05,udp,-,INT,2,0,104,0,90909.0902,254,0,37818180.0,0.0,0,0,0.011,0.0,0.0,0.0,0,0,0,0,0.0,0.0,0.0,52,0,0,0,22,2,3,3,1,3,0,0,0,7,7,0,Fuzzers,1
33043,1.005849,tcp,http,FIN,12,18,1580,10168,28.831365,31,29,11524.59277,76385.21875,3,5,91.405274,59.137588,9527.614623,7675.161235,255,4001175671,3998058409,255,0.000628,0.000503,0.000125,132,565,1,3924,2,0,3,1,1,1,0,0,1,4,2,0,Normal,0
46818,2.847489,tcp,smtp,FIN,158,40,185789,2546,69.183759,62,252,518671.6875,6975.970703,76,8,18.136873,71.373873,2003.23747,3712.560032,255,2889632463,104666757,255,0.131277,0.063212,0.068065,1176,64,0,0,2,1,1,1,1,1,0,0,0,1,1,0,Exploits,1
56447,3e-06,vrrp,-,INT,2,0,200,0,125000.0003,254,0,100000000.0,0.0,0,0,0.008,0.0,0.0,0.0,0,0,0,0,0.0,0.0,0.0,100,0,0,0,14,2,4,4,4,4,0,0,0,7,13,0,Fuzzers,1
37318,0.001038,udp,dns,CON,2,2,146,178,2890.173445,31,29,562620.4375,685934.5,0,0,0.001,0.002,0.0,0.0,0,0,0,0,0.0,0.0,0.0,73,89,0,0,3,0,5,2,1,2,0,0,0,3,4,0,Normal,0
13713,4e-06,udp,dns,INT,2,0,114,0,250000.0006,254,0,114000000.0,0.0,0,0,0.004,0.0,0.0,0.0,0,0,0,0,0.0,0.0,0.0,57,0,0,0,25,2,25,25,25,25,0,0,0,25,25,0,Generic,1
58044,1.1e-05,udp,dns,INT,2,0,114,0,90909.0902,254,0,41454544.0,0.0,0,0,0.011,0.0,0.0,0.0,0,0,0,0,0.0,0.0,0.0,57,0,0,0,16,2,7,7,3,7,0,0,0,7,16,0,Generic,1
16001,3.6e-05,udp,dns,INT,2,0,114,0,27777.7768,254,0,12666666.0,0.0,0,0,0.036,0.0,0.0,0.0,0,0,0,0,0.0,0.0,0.0,57,0,0,0,37,2,38,37,22,37,0,0,0,37,37,0,Generic,1
47409,0.379929,tcp,-,FIN,10,6,546,268,39.48106,254,252,10359.83008,4716.670898,2,1,40.442,64.36,2062.614597,93.42507,255,1039475256,2407392149,255,0.082762,0.058119,0.024643,55,45,0,0,6,1,1,1,1,1,0,0,0,1,6,0,Fuzzers,1
22479,5e-06,udp,dns,INT,2,0,114,0,200000.0051,254,0,91200000.0,0.0,0,0,0.005,0.0,0.0,0.0,0,0,0,0,0.0,0.0,0.0,57,0,0,0,32,2,20,20,20,32,0,0,0,20,32,0,Generic,1
17435,1e-05,udp,dns,INT,2,0,114,0,100000.0025,254,0,45600000.0,0.0,0,0,0.01,0.0,0.0,0.0,0,0,0,0,0.0,0.0,0.0,57,0,0,0,36,2,25,25,25,36,0,0,0,25,36,0,Generic,1
77778,0.358749,tcp,-,FIN,10,6,758,268,41.811963,254,252,15230.7041,4995.135742,2,1,39.861,47.563,2111.6114,81.625672,255,3891373420,2422316205,255,0.152388,0.104394,0.047994,76,45,0,0,8,1,3,2,1,8,0,0,0,2,9,0,Normal,0
76298,1.164528,tcp,-,FIN,10,6,534,268,12.880755,254,252,3304.343018,1538.820923,2,1,125.685667,221.413203,7497.460792,392.631438,255,3432862710,974610082,255,0.136542,0.057457,0.079085,53,45,0,0,5,1,1,1,1,3,0,0,0,3,3,0,Normal,0
43536,6e-06,udp,-,INT,2,0,78,0,166666.6608,254,0,52000000.0,0.0,0,0,0.006,0.0,0.0,0.0,0,0,0,0,0.0,0.0,0.0,39,0,0,0,11,2,4,4,1,11,0,0,0,4,11,0,Normal,0
9863,1.479031,tcp,-,FIN,10,8,564,354,11.494012,254,252,2747.745117,1676.77356,2,1,164.336778,199.566281,11110.70611,295.913531,255,1595653186,1853581470,255,0.225309,0.08142,0.143889,56,44,0,0,4,1,2,2,1,1,0,0,0,3,4,0,Reconnaissance,1
27278,0.012855,tcp,-,FIN,44,46,2766,24004,6923.376192,31,29,1682769.375,14614080.0,7,16,0.291558,0.279273,17.168834,16.474873,255,2638254174,499195786,255,0.000696,0.000563,0.000133,63,522,0,0,14,0,10,1,1,2,0,0,0,4,9,0,Normal,0
11009,9e-06,udp,-,INT,2,0,168,0,111111.1072,254,0,74666664.0,0.0,0,0,0.009,0.0,0.0,0.0,0,0,0,0,0.0,0.0,0.0,84,0,0,0,2,2,1,1,1,1,0,0,0,1,1,0,Reconnaissance,1
32744,0.013672,tcp,-,FIN,16,18,1540,1644,2413.692253,31,29,844938.5625,908718.5625,4,4,0.890667,0.776765,61.598165,1.428164,255,2135712474,2142086895,255,0.000603,0.000464,0.000139,96,91,0,0,10,0,8,6,1,6,0,0,0,10,9,0,Normal,0
18398,9e-06,udp,dns,INT,2,0,114,0,111111.1072,254,0,50666664.0,0.0,0,0,0.009,0.0,0.0,0.0,0,0,0,0,0.0,0.0,0.0,57,0,0,0,25,2,27,25,25,28,0,0,0,26,25,0,Generic,1
18224,9e-06,udp,dns,INT,2,0,114,0,111111.1072,254,0,50666664.0,0.0,0,0,0.009,0.0,0.0,0.0,0,0,0,0,0.0,0.0,0.0,57,0,0,0,20,2,20,20,20,20,0,0,0,20,20,0,Generic,1
72539,7e-06,udp,-,INT,2,0,104,0,142857.1409,254,0,59428572.0,0.0,0,0,0.007,0.0,0.0,0.0,0,0,0,0,0.0,0.0,0.0,52,0,0,0,12,2,3,4,1,8,0,0,0,4,7,0,Normal,0
65113,1.1e-05,udp,dns,INT,2,0,114,0,90909.0902,254,0,41454544.0,0.0,0,0,0.011,0.0,0.0,0.0,0,0,0,0,0.0,0.0,0.0,57,0,0,0,4,2,4,4,4,4,0,0,0,4,4,0,Generic,1
29054,0.013602,tcp,-,FIN,44,46,2766,24004,6543.155548,31,29,1590354.375,13811499.0,7,16,0.308256,0.290467,17.743409,16.411096,255,3095803681,956742018,255,0.000654,0.000508,0.000146,63,522,0,0,8,0,1,1,1,1,0,0,0,3,7,0,Normal,0
63653,8e-06,udp,dns,INT,2,0,114,0,125000.0003,254,0,57000000.0,0.0,0,0,0.008,0.0,0.0,0.0,0,0,0,0,0.0,0.0,0.0,57,0,0,0,14,2,7,7,4,7,0,0,0,8,14,0,Generic,1
33954,0.013567,tcp,-,FIN,16,18,1540,1644,2432.372723,31,29,851477.875,915751.5,4,4,0.883667,0.770765,61.403248,1.418243,255,3190588190,3192906427,255,0.000581,0.00046,0.000121,96,91,0,0,10,0,10,6,1,9,0,0,0,17,9,0,Normal,0
81432,0.290414,tcp,-,CON,6,2,998,86,24.103521,62,252,22919.00391,1184.515869,2,1,58.0828,0.007,3707.760291,0.0,255,3498473554,443581752,255,0.260494,0.162132,0.098362,166,43,0,0,5,3,1,1,1,5,0,0,0,1,5,0,Normal,0
76352,0.792425,tcp,-,FIN,10,6,756,268,18.929237,254,252,6875.098633,2261.412842,2,1,88.047222,140.812406,4711.77755,254.491203,255,3355540889,438859429,255,0.139453,0.070494,0.068959,76,45,0,0,4,1,1,1,1,1,0,0,0,4,1,0,Normal,0
33602,1.36726,tcp,http,FIN,14,18,1684,10168,22.673084,31,29,9151.149414,56194.14063,3,5,105.145151,80.394,9190.925831,8047.201868,255,1319340361,3477598580,255,0.000717,0.000561,0.000156,120,565,1,3924,3,0,3,2,1,2,0,0,1,5,2,0,Normal,0
7213,0.48778,tcp,-,FIN,10,6,1554,268,30.751568,254,252,22944.76953,3673.787354,2,1,49.246889,83.164203,2698.846968,123.178156,255,786168376,1615329154,255,0.145863,0.07195,0.073913,155,45,0,0,1,1,1,1,1,1,0,0,0,10,1,0,Exploits,1
43727,0.799244,tcp,-,FIN,10,8,564,354,21.270101,254,252,5084.805176,3102.932373,2,1,84.512444,101.745,5734.656785,141.565016,255,2062707701,3049194384,255,0.144078,0.087025,0.057053,56,44,0,0,1,1,1,1,1,1,0,0,0,1,1,0,Reconnaissance,1
11024,1.408271,tcp,-,FIN,26,24,3474,3168,34.794441,254,252,18979.30273,17246.68164,10,10,56.330841,59.637219,2918.469919,77.626102,255,2724308401,2998236088,255,0.069996,0.024143,0.045853,134,132,0,0,1,1,1,1,1,1,0,0,0,1,1,0,DoS,1
24849,0.067969,tcp,-,FIN,54,56,3302,40550,1603.672219,31,29,381468.0,4687548.5,7,21,1.27683,1.227418,77.207302,75.515209,255,2720748289,585772726,255,0.000573,0.000458,0.000115,61,724,0,0,6,0,2,1,1,1,0,0,0,2,7,0,Normal,0
